Papel,Cotação,Tipo,Data últ cot,Empresa,Min 52 sem,Setor,Max 52 sem,Subsetor,Vol $ méd (2m),Valor de mercado,Últ balanço processado,Valor da firma,Nro. Ações,P/L,LPA,P/VP,VPA,P/EBIT,Marg. Bruta,PSR,Marg. EBIT,P/Ativos,Marg. Líquida,P/Cap. Giro,EBIT / Ativo,P/Ativ Circ Liq,ROIC,ROE,EV / EBITDA,Liquidez Corr,EV / EBIT,Div Br/ Patrim,Cres. Rec (5a),Giro Ativos,Ativo,Dív. Bruta,Disponibilidades,Dív. Líquida,Ativo Circulante,Patrim. Líq,Receita Líquida,Receita Líquida (3 meses),EBIT,EBIT (3 meses),Lucro Líquido,Lucro Líquido (3 meses),Div. Yield,Depósitos,Cart. de Crédito,Result Int Financ,Result Int Financ (3 meses),Rec Serviços,Rec Serviços (3 meses)
TTEN3,16.41,ON NM,17/04/2025,3TENTOS ON NM,9.08,Agropecuária,16.43,Agricultura,19380300.0,8177060000.0,31/12/2024,8471680000.0,498298000.0,10.78,1.52,2.03,8.1,6.59,19.7,0.64,9.7,0.92,5.9,3.88,14.0,8.77,24.6,18.8,6.34,1.58,6.82,0.51,39.9,1.44,8889420000.0,2066880000.0,1772260000.0,294617000.0,5776390000.0,4037710000.0,12825800000.0,3853520000.0,1241420000.0,331046000.0,758623000.0,136187000.0,1.2,,,,,,
SLCE3,20.15,ON NM,17/04/2025,SLC Agricola ON NM,16.74,Agropecuária,20.83,Agricultura,60358700.0,8933090000.0,31/12/2024,12551900000.0,443330000.0,17.54,1.15,2.23,9.02,5.87,29.6,1.14,19.5,0.51,6.2,3.98,8.7,-1.76,11.1,12.7,6.94,1.37,8.25,1.4,19.3,0.44,17574300000.0,5598400000.0,1979580000.0,3618830000.0,8390260000.0,3997670000.0,7803630000.0,2045090000.0,1521380000.0,268937000.0,509410000.0,-34633000.0,4.1,,,,,,
AMBP3,135.25,ON NM,17/04/2025,AMBIPAR ON NM,8.05,Água e Saneamento,268.51,Água e Saneamento,12868400.0,22592400000.0,31/12/2024,27541600000.0,167042000.0,-78.54,-1.72,13.87,9.75,20.91,19.6,3.52,16.8,1.54,-2.7,5.51,7.4,-3.98,10.4,-17.7,16.17,2.91,25.49,5.42,70.9,0.44,14655300000.0,8818830000.0,3869710000.0,4949120000.0,6243540000.0,1628300000.0,6413680000.0,1610560000.0,1080630000.0,215520000.0,-287668000.0,75538000.0,,,,,,,
SAPR11,28.44,UNT N2,17/04/2025,SANEPAR UNT N2,23.41,Água e Saneamento,31.86,Água e Saneamento,24073600.0,8595740000.0,31/12/2024,13426300000.0,1511210000.0,5.56,5.11,0.79,35.83,3.72,57.8,1.26,33.8,0.42,22.6,5.95,11.3,-1.35,12.6,14.3,4.67,1.78,5.81,0.61,9.4,0.33,20508000000.0,6631330000.0,1800760000.0,4830580000.0,3296190000.0,10828700000.0,6848220000.0,1776210000.0,2312870000.0,642564000.0,1545350000.0,412870000.0,5.5,,,,,,
CSMG3,20.01,ON,17/04/2025,COPASA MG ON,18.13,Água e Saneamento,24.91,Água e Saneamento,44563400.0,7608860000.0,31/12/2024,12902000000.0,380253000.0,5.78,3.46,0.95,21.17,3.53,42.8,0.97,27.3,0.49,16.7,10.38,13.9,-1.5,15.0,16.4,4.37,1.44,5.99,0.76,10.6,0.51,15511800000.0,6113170000.0,820054000.0,5293110000.0,2406410000.0,8048230000.0,7878010000.0,2006210000.0,2153280000.0,490044000.0,1316920000.0,271930000.0,12.0,,,,,,
ORVR3,44.55,ON NM,17/04/2025,ORIZON ON NM,35.67,Água e Saneamento,49.5,Água e Saneamento,15536300.0,3695460000.0,31/12/2024,5069460000.0,82950900.0,60.68,0.73,4.75,9.38,14.82,45.8,4.09,27.6,1.11,8.2,7.56,7.5,-2.39,9.1,7.8,12.51,2.15,20.33,2.4,25.2,0.27,3334200000.0,1867300000.0,493299000.0,1374000000.0,911748000.0,778156000.0,903473000.0,230206000.0,249364000.0,51635000.0,60897000.0,-10536000.0,,,,,,,
BEEF3,7.41,ON NM,17/04/2025,Minerva ON NM,4.29,Alimentos Processados,7.95,Carnes e Derivados,65678100.0,4499970000.0,31/12/2024,20121100000.0,607283000.0,-2.89,-2.57,-9.4,-0.79,1.9,20.6,0.13,6.9,0.11,-4.6,0.57,5.6,-0.26,11.0,325.7,6.63,1.48,8.5,-62.85,11.9,0.81,42141900000.0,30082100000.0,14460900000.0,15621200000.0,24456800000.0,-478639000.0,34068900000.0,10714200000.0,2366090000.0,715334000.0,-1558710000.0,-1532270000.0,,,,,,,
MRFG3,20.7,ON NM,17/04/2025,Marfrig ON NM,7.79,Alimentos Processados,20.7,Carnes e Derivados,116068000.0,17759100000.0,31/12/2024,60983400000.0,857928000.0,6.35,3.26,6.29,3.29,2.85,13.2,0.12,4.2,0.13,2.6,1.48,4.5,-0.28,6.6,99.0,4.54,1.28,9.78,23.38,22.4,1.08,137510000000.0,66019800000.0,22795500000.0,43224300000.0,54934700000.0,2824140000.0,148861000000.0,42150300000.0,6236880000.0,1778960000.0,2795400000.0,2578280000.0,14.5,,,,,,
JBSS3,43.55,ON NM,17/04/2025,JBS ON NM,20.27,Alimentos Processados,43.55,Carnes e Derivados,357799000.0,96599000000.0,31/12/2024,180669000000.0,2218120000.0,10.05,4.34,2.16,20.19,3.97,15.1,0.23,5.8,0.38,2.6,2.86,9.7,-1.01,13.7,21.5,5.0,1.47,7.42,2.67,9.5,1.65,251936000000.0,119677000000.0,35607100000.0,84070200000.0,106018000000.0,44780900000.0,416952000000.0,116701000000.0,24351200000.0,5973450000.0,9615920000.0,2412170000.0,6.9,,,,,,
BRFS3,21.15,ON NM,17/04/2025,BRF Foods ON NM,15.81,Alimentos Processados,28.59,Carnes e Derivados,166980000.0,35584300000.0,31/12/2024,44265400000.0,1682470000.0,11.07,1.91,2.36,8.97,5.23,25.8,0.58,11.1,0.57,6.0,3.55,10.8,-2.32,18.9,21.3,4.29,1.48,6.51,1.37,10.4,0.98,62675100000.0,20740500000.0,12059400000.0,8681100000.0,30830500000.0,15085700000.0,61379000000.0,17549200000.0,6800100000.0,1843630000.0,3213270000.0,695973000.0,3.3,,,,,,
MDIA3,25.18,ON NM,17/04/2025,MDIASBRANCO ON NM,19.0,Alimentos Processados,34.84,Alimentos Diversos,16115600.0,8536020000.0,31/12/2024,8755980000.0,339000000.0,13.21,1.91,1.07,23.59,8.78,34.4,0.88,10.1,0.67,6.7,2.61,7.6,6.95,10.2,8.1,6.53,2.2,9.0,0.3,9.4,0.76,12768900000.0,2389690000.0,2169730000.0,219955000.0,5999120000.0,7997940000.0,9662830000.0,2488900000.0,972450000.0,299885000.0,645948000.0,176497000.0,2.1,,,,,,
ONCO3,5.47,ON NM,17/04/2025,ONCOCLINICAS ON NM,1.77,ServMédHospit Análises e Diagnósticos,9.38,ServMédHospit Análises e Diagnósticos,37224100.0,3565110000.0,31/12/2024,7155130000.0,651756000.0,-5.52,-0.99,1.13,4.83,5.37,33.1,0.57,10.7,0.32,-11.5,1.61,5.9,-1.13,8.0,-20.5,7.23,1.9,10.78,1.74,34.3,0.56,11202300000.0,5478400000.0,1888370000.0,3590020000.0,4660780000.0,3146350000.0,6227230000.0,1566040000.0,663654000.0,90158000.0,-646190000.0,-643144000.0,,,,,,,
MATD3,4.22,ON NM,17/04/2025,MATER DEI ON NM,3.48,ServMédHospit Análises e Diagnósticos,6.05,ServMédHospit Análises e Diagnósticos,1715930.0,1432390000.0,31/12/2024,2179990000.0,339428000.0,-4.23,-1.0,0.99,4.27,3.85,30.1,0.64,16.7,0.33,-14.6,1.42,8.6,-1.03,10.5,-23.4,4.53,3.16,5.86,0.98,29.0,0.51,4340850000.0,1422920000.0,675316000.0,747605000.0,1477700000.0,1448430000.0,2226000000.0,487038000.0,371888000.0,59852000.0,-338440000.0,8278010.0,2.0,,,,,,
KRSA3,8.87,ON NM,14/04/2025,KORA SAUDE ON NM,4.24,ServMédHospit Análises e Diagnósticos,8.92,ServMédHospit Análises e Diagnósticos,494016.0,685960000.0,31/12/2024,3424480000.0,77334800.0,-3.87,-2.29,0.84,10.52,2.58,20.0,0.3,11.7,0.14,-7.4,1.01,5.6,-0.27,6.4,-21.8,7.85,2.0,12.89,3.68,37.7,0.47,4777870000.0,2991210000.0,252681000.0,2738520000.0,1358570000.0,813456000.0,2268230000.0,556447000.0,265605000.0,55143000.0,-177278000.0,-95494000.0,,,,,,,
DASA3,1.8,ON,17/04/2025,DIAGNOSTICOS DA AMERICA SA ON,1.63,ServMédHospit Análises e Diagnósticos,4.76,ServMédHospit Análises e Diagnósticos,1444030.0,2259010000.0,31/12/2024,10760700000.0,1255010000.0,-1.88,-0.96,0.29,6.32,2.24,27.4,0.15,6.6,0.09,-7.8,0.78,3.8,-0.22,4.4,-15.1,4.53,1.55,10.69,1.31,20.5,0.58,26458500000.0,10397000000.0,1895330000.0,8501680000.0,8203060000.0,7926010000.0,15322100000.0,3669190000.0,1006520000.0,18155900.0,-1198990000.0,-830923000.0,,,,,,,
FLRY3,12.29,ON NM,17/04/2025,FLEURY ON NM,10.64,ServMédHospit Análises e Diagnósticos,15.9,ServMédHospit Análises e Diagnósticos,43591800.0,6724980000.0,31/12/2024,9774800000.0,547191000.0,10.91,1.13,1.27,9.67,5.54,27.9,0.88,15.8,0.51,7.9,2.55,9.3,-2.03,12.1,11.6,4.9,2.51,8.05,1.02,27.3,0.59,13062400000.0,5391560000.0,2341740000.0,3049820000.0,4375790000.0,5289070000.0,7684660000.0,1839340000.0,1214820000.0,200098000.0,616172000.0,83922000.0,8.3,,,,,,
RDOR3,29.87,ON NM,17/04/2025,REDE D OR ON NM,22.83,ServMédHospit Análises e Diagnósticos,34.2,ServMédHospit Análises e Diagnósticos,181692000.0,68381200000.0,31/12/2024,68614000000.0,2289290000.0,17.78,1.68,2.77,10.79,9.2,18.7,1.35,14.7,0.67,7.8,2.04,7.2,-2.79,11.9,15.6,7.57,2.88,9.23,1.57,40.3,0.49,102598000000.0,38870600000.0,38637800000.0,232841000.0,51361400000.0,24702600000.0,50571300000.0,12849000000.0,7435730000.0,1874800000.0,3846950000.0,925025000.0,2.3,,,,,,
QUAL3,2.1,ON NM,17/04/2025,QUALICORP ON NM,1.35,ServMédHospit Análises e Diagnósticos,2.64,ServMédHospit Análises e Diagnósticos,4635960.0,596429000.0,31/12/2024,1585330000.0,284014000.0,90.66,0.02,0.47,4.51,1.17,83.1,0.38,32.4,0.14,1.0,3.86,11.7,-0.42,17.2,0.5,1.74,1.1,3.1,1.47,-6.5,0.36,4366330000.0,1881850000.0,892946000.0,988905000.0,1657880000.0,1282270000.0,1580460000.0,384412000.0,511955000.0,135040000.0,6579000.0,-34386000.0,,,,,,,
AMOB3,0.25,ON NM,17/04/2025,AUTOMOB ON NM,0.24,Automóveis e Motocicletas,0.5,Automóveis e Motocicletas,3221160.0,473576000.0,31/12/2024,2990280000.0,1894300000.0,-4.49,-0.06,0.21,1.22,2.15,13.6,0.04,1.8,0.05,-0.9,0.24,2.5,-0.38,3.5,-4.6,6.97,1.59,13.55,1.46,382.5,1.37,8909800000.0,3353340000.0,836643000.0,2516700000.0,5362970000.0,2302580000.0,12240000000.0,10044000000.0,220606000.0,250474000.0,-105482000.0,-43446000.0,,,,,,,
MYPK3,11.37,ON,17/04/2025,IOCHPE-MAXION ON,9.78,Automóveis e Motocicletas,13.63,Automóveis e Motocicletas,14148200.0,1747800000.0,31/12/2024,5673080000.0,153720000.0,6.6,1.72,0.38,29.65,1.71,11.9,0.11,6.7,0.11,2.5,0.57,6.4,-0.5,9.1,5.8,3.72,1.72,5.55,1.4,12.8,0.96,15961400000.0,6388760000.0,2463470000.0,3925280000.0,7390950000.0,4557900000.0,15331800000.0,3909110000.0,1022900000.0,246768000.0,264719000.0,68365000.0,6.3,,,,,,
LEVE3,30.46,ON,17/04/2025,MAHLE METAL LEVE ON,26.18,Automóveis e Motocicletas,34.03,Automóveis e Motocicletas,9732970.0,4128520000.0,31/12/2024,4838830000.0,135539000.0,7.63,3.99,5.37,5.67,5.06,28.5,0.91,17.9,1.15,11.9,6.92,22.7,-6.3,36.2,70.5,5.26,1.38,5.94,1.39,15.8,1.27,3593300000.0,1068530000.0,358222000.0,710308000.0,2167880000.0,768444000.0,4557980000.0,1317780000.0,815250000.0,159214000.0,541390000.0,110635000.0,7.8,,,,,,
ABEV3,14.0,ON,17/04/2025,AMBEV S/A ON,10.45,Bebidas,14.0,Cervejas e Refrigerantes,489717000.0,220663000000.0,31/12/2024,194278000000.0,15761600000.0,15.28,0.92,2.24,6.26,11.35,51.2,2.47,21.7,1.36,16.6,46.29,12.0,-25.16,17.9,14.6,7.42,1.1,9.99,0.04,9.9,0.55,162508000000.0,3452730000.0,29837700000.0,-26384900000.0,54155800000.0,98642100000.0,89452700000.0,27035400000.0,19445200000.0,6826350000.0,14437200000.0,4880380000.0,5.7,,,,,,
AMAR3,1.31,ON NM,17/04/2025,LOJAS MARISA ON NM,0.89,Comércio,1.89,Tecidos. Vestuário e Calçados,665742.0,672627000.0,31/12/2024,1219710000.0,513456000.0,-2.13,-0.62,2.36,0.55,11.16,49.1,0.48,4.3,0.35,-22.7,-2.18,3.2,-0.64,4.0,-111.0,5.38,0.65,20.25,2.25,-12.1,0.73,1904260000.0,639135000.0,92052000.0,547083000.0,576502000.0,284608000.0,1392170000.0,468360000.0,60246000.0,76344000.0,-315784000.0,5781000.0,,,,,,,
BHIA3,5.78,ON,17/04/2025,CASAS BAHIA ON,2.65,Comércio,10.32,Eletrodomésticos,65110700.0,549603000.0,31/12/2024,7581600000.0,95087000.0,-0.53,-10.99,0.22,26.05,0.32,30.8,0.02,6.2,0.02,-3.8,-0.11,5.0,-0.03,7.3,-42.2,2.74,0.73,4.47,3.81,-1.9,0.8,33889000000.0,9446000000.0,2414000000.0,7032000000.0,14140000000.0,2477000000.0,27206000000.0,7981000000.0,1696000000.0,562000000.0,-1045000000.0,-452000000.0,,,,,,,
ALLD3,6.8,ON NM,17/04/2025,ALLIED ON NM,5.89,Comércio,8.0,Eletrodomésticos,317600.0,642016000.0,31/12/2024,719783000.0,94414100.0,4.41,1.54,0.4,16.83,4.88,11.9,0.12,2.4,0.18,2.6,0.58,3.8,1.14,6.8,9.2,3.9,1.83,5.47,0.32,3.4,1.59,3480240000.0,505728000.0,427961000.0,77767000.0,2452530000.0,1588990000.0,5521380000.0,1386630000.0,131596000.0,42618000.0,145532000.0,59686000.0,19.0,,,,,,
SBFG3,11.27,ON,17/04/2025,GRUPO SBF ON,9.74,Comércio,18.51,Produtos Diversos,18310000.0,2750030000.0,31/12/2024,4670620000.0,244013000.0,5.13,2.2,0.91,12.34,4.63,49.1,0.38,8.3,0.31,7.5,1.66,6.6,-2.6,8.7,17.8,4.58,1.51,7.86,0.97,28.3,0.8,8945970000.0,2917310000.0,996713000.0,1920600000.0,4874550000.0,3012210000.0,7151710000.0,2172270000.0,594268000.0,192033000.0,536256000.0,135436000.0,1.5,,,,,,
CGRA3,27.05,ON,17/04/2025,GRAZZIOTIN ON,22.41,Comércio,28.48,Tecidos. Vestuário e Calçados,36890.0,564231000.0,31/12/2024,357043000.0,20858800.0,5.39,5.02,0.59,45.69,6.09,52.8,0.77,12.7,0.42,14.4,1.51,6.8,2.47,8.9,11.0,2.96,2.47,3.85,-,11.2,0.54,1353420000.0,,207188000.0,-207188000.0,628497000.0,952978000.0,728592000.0,216738000.0,92690000.0,34143000.0,104649000.0,49239000.0,9.9,,,,,,
CEAB3,12.72,ON NM,17/04/2025,CEA MODAS ON NM,7.44,Comércio,13.31,Tecidos. Vestuário e Calçados,42730600.0,3920880000.0,31/12/2024,3846350000.0,308245000.0,8.67,1.47,1.19,10.73,4.2,54.7,0.51,12.2,0.39,5.9,3.43,9.3,-2.24,15.0,13.7,3.0,1.3,4.12,0.45,16.4,0.76,10053900000.0,1498010000.0,1572530000.0,-74522000.0,4993390000.0,3308480000.0,7636540000.0,2552110000.0,934255000.0,475084000.0,452477000.0,254945000.0,2.7,,,,,,
GUAR3,7.57,ON,17/04/2025,GUARARAPES CONFECÇÕES ON,5.67,Comércio,9.71,Tecidos. Vestuário e Calçados,10861700.0,3778940000.0,31/12/2024,4277720000.0,499200000.0,16.07,0.47,0.7,10.82,4.77,59.0,0.39,8.2,0.28,2.4,1.33,5.8,6.85,7.3,4.4,2.88,1.48,5.39,0.36,11.2,0.71,13633300000.0,1971000000.0,1472220000.0,498780000.0,8781160000.0,5403620000.0,9634210000.0,3026030000.0,792926000.0,402748000.0,235138000.0,249982000.0,1.6,,,,,,
AZZA3,27.6,ON,17/04/2025,AZZAS 2154 ON,21.5,Comércio,54.37,Tecidos. Vestuário e Calçados,79181400.0,5699120000.0,31/12/2024,7579310000.0,206490000.0,16.68,1.65,0.74,37.3,9.8,53.3,0.68,6.9,0.37,4.0,2.46,3.8,-8.14,4.6,4.4,7.61,1.51,13.04,0.34,46.6,0.55,15253500000.0,2654730000.0,774543000.0,1880190000.0,6831680000.0,7702650000.0,8379750000.0,3403840000.0,581271000.0,152971000.0,341727000.0,-67254000.0,3.1,,,,,,
MGLU3,10.2,ON NM,17/04/2025,MAGAZ LUIZA ON NM,5.81,Comércio,16.7,Eletrodomésticos,306495000.0,7537750000.0,31/12/2024,9954820000.0,738995000.0,16.8,0.61,0.67,15.32,4.21,30.6,0.2,4.7,0.2,1.2,2.65,4.8,-1.17,7.2,4.0,3.19,1.17,5.57,0.4,5.9,1.02,37311900000.0,4582160000.0,2165090000.0,2417070000.0,19550800000.0,11319300000.0,38038100000.0,10787300000.0,1788670000.0,518985000.0,448717000.0,294821000.0,,,,,,,
VSTE3,6.61,ON,17/04/2025,VESTE ON,5.53,Comércio,17.5,Tecidos. Vestuário e Calçados,115530.0,753547000.0,31/12/2024,1046510000.0,114001000.0,1133.15,0.01,0.72,9.15,17.99,63.3,0.68,3.8,0.45,0.1,4.53,2.5,-6.03,2.8,0.1,4.88,1.52,24.98,0.33,15.9,0.67,1656530000.0,347894000.0,54932000.0,292962000.0,488209000.0,1043280000.0,1111550000.0,308663000.0,41888000.0,21683000.0,665000.0,12038000.0,0.7,,,,,,
LJQQ3,2.68,ON NM,17/04/2025,QUERO-QUERO ON NM,1.88,Comércio,5.28,Produtos Diversos,9184960.0,522796000.0,31/12/2024,404306000.0,195073000.0,3580.79,,0.96,2.8,6.61,34.8,0.2,3.0,0.14,,0.55,2.1,-1.01,3.1,,1.92,1.56,5.11,0.98,12.3,0.72,3702250000.0,534522000.0,653012000.0,-118490000.0,2639840000.0,545997000.0,2666330000.0,727438000.0,79139000.0,32942000.0,146000.0,6252000.0,4.6,,,,,,
VVEO3,1.25,ON NM,17/04/2025,VIVEO ON NM,1.24,Comércio e Distribuição,6.37,Medicamentos e Outros Produtos,2059860.0,403526000.0,31/12/2024,3145770000.0,322821000.0,-0.29,-4.38,0.21,5.97,-2.41,11.3,0.03,-1.4,0.04,-12.2,0.17,-1.8,-0.17,-2.5,-73.5,21.89,1.85,-18.79,2.01,28.5,1.21,9544200000.0,3872400000.0,1130160000.0,2742240000.0,5269720000.0,1926520000.0,11583400000.0,2918370000.0,-167431000.0,-339336000.0,-1415490000.0,-1093080000.0,10.9,,,,,,
PFRM3,7.5,ON NM,17/04/2025,PROFARMA ON NM,4.7,Comércio e Distribuição,7.64,Medicamentos e Outros Produtos,1922390.0,928598000.0,31/12/2024,1498760000.0,123813000.0,8.1,0.93,0.71,10.52,3.12,15.0,0.09,2.9,0.17,1.2,0.9,5.3,-89.95,9.7,8.8,3.21,1.34,5.03,0.61,16.6,1.81,5616240000.0,799719000.0,229552000.0,570167000.0,4020090000.0,1303100000.0,10153600000.0,3015910000.0,297859000.0,82639100.0,114579000.0,35549000.0,7.7,,,,,,
DMVF3,6.5,ON NM,17/04/2025,D1000VFARMA ON NM,5.08,Comércio e Distribuição,8.38,Medicamentos e Outros Produtos,544474.0,328919000.0,31/12/2024,310192000.0,50603000.0,12.72,0.51,0.37,17.72,4.96,30.6,0.15,3.1,0.18,1.2,4.45,3.6,-0.98,4.7,2.9,1.69,1.14,4.68,0.04,21.6,1.18,1834450000.0,38871000.0,57598000.0,-18727000.0,602480000.0,896712000.0,2160650000.0,621188000.0,66292000.0,-16759000.0,25857000.0,3500000.0,,,,,,,
GMAT3,7.47,ON NM,17/04/2025,GRUPO MATEUS ON NM,5.85,Comércio e Distribuição,8.0,Alimentos,28651200.0,16796100000.0,31/12/2024,17405800000.0,2248470000.0,12.74,0.59,1.71,4.38,8.0,22.6,0.52,6.5,0.89,4.2,2.3,11.1,5.65,14.8,13.4,7.03,2.56,8.29,0.23,27.4,1.69,18959300000.0,2273860000.0,1664170000.0,609691000.0,11969300000.0,9850300000.0,32085400000.0,8726980000.0,2098800000.0,634692000.0,1318190000.0,383048000.0,2.8,,,,,,
PGMN3,3.28,ON NM,17/04/2025,PAGUE MENOS ON NM,2.05,Comércio e Distribuição,3.47,Medicamentos e Outros Produtos,4818710.0,2042370000.0,31/12/2024,3309360000.0,622673000.0,19.81,0.17,0.75,4.36,3.6,31.8,0.16,4.5,0.23,0.8,1.66,6.3,-1.24,8.7,3.8,3.05,1.36,5.84,0.52,17.6,1.41,8983700000.0,1416380000.0,149386000.0,1266990000.0,4614660000.0,2714840000.0,12641800000.0,3349190000.0,567094000.0,149079000.0,103099000.0,66463000.0,7.0,,,,,,
INTB3,13.05,ON NM,17/04/2025,INTELBRAS ON NM,11.42,Computadores e Equipamentos,23.95,Computadores e Equipamentos,34337700.0,4275320000.0,31/12/2024,4328950000.0,327611000.0,8.08,1.61,1.45,8.98,7.65,30.8,0.9,11.7,0.77,11.1,1.87,10.0,2.9,16.1,18.0,6.6,2.27,7.75,0.32,20.8,0.85,5569520000.0,941730000.0,888109000.0,53621000.0,4076780000.0,2941910000.0,4756150000.0,1287680000.0,558553000.0,134809000.0,528934000.0,126694000.0,3.5,,,,,,
POSI3,5.42,ON NM,17/04/2025,POSITIVO TEC ON NM,4.87,Computadores e Equipamentos,10.19,Computadores e Equipamentos,5316360.0,768556000.0,31/12/2024,1484450000.0,141800000.0,9.56,0.57,0.47,11.54,2.88,25.1,0.21,7.2,0.17,2.3,0.52,6.0,5.23,8.2,4.9,4.58,1.97,5.56,0.78,12.7,0.83,4466990000.0,1282820000.0,566929000.0,715895000.0,2967750000.0,1635830000.0,3688330000.0,1061010000.0,266891000.0,78399000.0,80378000.0,12216000.0,7.7,,,,,,
MRVE3,5.57,ON NM,17/04/2025,MRV ON NM,4.48,Construção Civil,8.13,Incorporações,61172400.0,3134950000.0,31/12/2024,12501000000.0,562827000.0,-6.23,-0.89,0.49,11.43,3.48,26.4,0.35,10.0,0.11,-5.4,0.56,3.1,-0.38,3.2,-7.8,11.65,1.68,13.88,1.52,6.7,0.31,29430700000.0,9780620000.0,414563000.0,9366050000.0,13695100000.0,6432590000.0,9009040000.0,2376100000.0,900463000.0,266433000.0,-503202000.0,-249848000.0,,,,,,,
GFSA3,1.57,ON,17/04/2025,GAFISA ON,1.09,Construção Civil,5.95,Incorporações,12883700.0,211284000.0,31/12/2024,1848040000.0,134576000.0,-5.21,-0.3,0.11,14.5,-1.07,-5.4,0.21,-19.6,0.04,-4.0,0.2,-3.7,-1.38,-4.0,-2.1,-10.02,1.5,-9.32,0.97,5.9,0.19,5302370000.0,1883620000.0,246859000.0,1636760000.0,3196750000.0,1951190000.0,1012350000.0,359596000.0,-198332000.0,-63332000.0,-40577000.0,1884000.0,,,,,,,
VIVR3,0.99,ON NM,17/04/2025,VIVER ON NM,0.96,Construção Civil,3.05,Incorporações,188724.0,37982300.0,31/12/2024,39015300.0,38366000.0,-0.86,-1.16,0.27,3.71,15.25,29.9,0.34,2.2,0.14,-38.4,0.77,0.9,-2.94,1.0,-31.2,13.42,1.71,15.66,0.15,21.0,0.4,278798000.0,20670000.0,19637000.0,1033000.0,118084000.0,142168000.0,112726000.0,14786000.0,2491000.0,-2894000.0,-44354000.0,-358000.0,,,,,,,
RDNI3,2.58,ON NM,17/04/2025,RNI ON NM,2.05,Construção Civil,3.65,Incorporações,21432.0,112927000.0,31/12/2024,653204000.0,43770000.0,-0.8,-3.24,0.42,6.13,-2.52,15.5,0.21,-8.3,0.07,-25.2,0.45,-2.8,-0.17,-2.9,-52.8,-17.12,1.62,-14.57,2.17,9.5,0.34,1613890000.0,581903000.0,41626000.0,540277000.0,654315000.0,268453000.0,541312000.0,92865000.0,-44846000.0,-36254000.0,-141864000.0,-54403000.0,,,,,,,
TCSA3,1.4,ON NM,17/04/2025,TECNISA ON NM,1.25,Construção Civil,2.64,Incorporações,104807.0,103067000.0,31/12/2024,619277000.0,73619000.0,-0.69,-2.02,0.27,5.19,-0.89,-8.1,0.22,-24.6,0.08,-32.1,0.74,-8.7,-0.25,-10.0,-38.8,-5.72,1.34,-5.34,1.77,35.1,0.35,1339070000.0,678478000.0,162268000.0,516210000.0,545646000.0,382315000.0,470626000.0,117793000.0,-115916000.0,-32333000.0,-148412000.0,-53620000.0,,,,,,,
PDGR3,0.75,ON NM,17/04/2025,PDG REALT ON NM,0.54,Construção Civil,37.5,Incorporações,1698570.0,10461000.0,31/12/2024,186528000.0,13948000.0,-0.02,-30.84,,-233.92,-0.11,2.5,0.09,-76.5,0.02,-358.3,-0.02,-17.2,,-38.5,13.2,-2.05,0.32,-2.03,-0.06,-23.3,0.22,534650000.0,205479000.0,29412000.0,176067000.0,331516000.0,-3262760000.0,119955000.0,6501000.0,-91724000.0,-25552000.0,-430127000.0,-20100000.0,,,,,,,
HBOR3,1.99,ON,17/04/2025,Helbor ON,1.31,Construção Civil,2.87,Incorporações,1101260.0,266363000.0,31/12/2024,1777210000.0,133851000.0,4.71,0.42,0.18,10.85,1.26,33.5,0.21,16.6,0.04,12.8,0.26,3.2,-0.25,3.4,3.9,7.35,1.52,8.42,1.37,8.6,0.19,6697410000.0,1991680000.0,480836000.0,1510840000.0,2926490000.0,1452150000.0,1270380000.0,305907000.0,211035000.0,67472000.0,56508000.0,31828000.0,4.6,,,,,,
LAVV3,9.7,ON NM,17/04/2025,LAVVI ON NM,6.74,Construção Civil,9.7,Incorporações,5319580.0,1895710000.0,31/12/2024,1774830000.0,195434000.0,5.53,1.75,1.28,7.6,5.67,33.8,1.22,21.6,0.55,25.3,0.9,9.7,2.06,12.8,23.1,5.29,4.93,5.31,0.44,39.3,0.45,3457890000.0,655480000.0,776364000.0,-120884000.0,2636140000.0,1485860000.0,1549300000.0,575419000.0,334415000.0,141720000.0,342514000.0,119950000.0,10.4,,,,,,
CYRE3,25.64,PN,17/04/2025,CYRELA BRAZIL REALTY PN,16.27,Construção Civil,25.64,Incorporações,127263000.0,9845760000.0,31/12/2024,12767700000.0,384000000.0,5.97,4.29,1.11,23.16,6.75,32.4,1.24,18.3,0.46,17.3,1.17,6.9,11.96,8.1,18.5,8.33,3.27,8.76,0.67,18.9,0.38,21241000000.0,5974580000.0,3052590000.0,2921990000.0,12115100000.0,8894660000.0,7965690000.0,2506270000.0,1458150000.0,492080000.0,1649000000.0,496632000.0,2.4,,,,,,
AVLL3,2.08,ON NM,17/04/2025,ALPHAVILLE ON NM,1.91,Construção Civil,4.3,Incorporações,11937.0,406287000.0,31/12/2024,790744000.0,195330000.0,6.14,0.34,-6.79,-0.31,2.21,38.8,0.6,27.1,0.3,12.6,-4.03,13.5,-0.47,17.6,-110.6,4.26,0.84,4.3,-10.41,40.3,0.5,1364830000.0,622929000.0,238471000.0,384458000.0,525845000.0,-59826000.0,678829000.0,234815000.0,184078000.0,64280000.0,66144000.0,10545000.0,,,,,,,
PLPL3,11.91,ON NM,17/04/2025,PLANOEPLANO ON NM,7.84,Construção Civil,12.82,Incorporações,11552900.0,2428460000.0,31/12/2024,2215780000.0,203901000.0,7.06,1.69,2.87,4.16,3.46,33.1,0.94,27.1,0.94,15.1,1.52,27.2,4.62,45.4,40.6,3.07,3.69,3.15,0.69,29.7,1.0,2581180000.0,588790000.0,801471000.0,-212681000.0,2191460000.0,847235000.0,2589400000.0,672423000.0,702420000.0,313571000.0,343824000.0,87614000.0,8.4,,,,,,
TRIS3,6.65,ON NM,17/04/2025,Trisul ON NM,4.22,Construção Civil,6.67,Incorporações,3099740.0,1241010000.0,31/12/2024,1592580000.0,186618000.0,7.23,0.92,0.85,7.82,6.88,27.8,0.92,13.4,0.41,13.0,0.69,5.9,1.74,7.2,11.8,7.77,4.74,8.83,0.56,12.2,0.44,3042590000.0,821718000.0,470151000.0,351567000.0,2266110000.0,1459010000.0,1346690000.0,418919000.0,180323000.0,75016000.0,171556000.0,72576000.0,3.0,,,,,,
MTRE3,3.63,ON NM,17/04/2025,MITRE REALTY ON NM,2.66,Construção Civil,4.08,Incorporações,2120070.0,383963000.0,31/12/2024,773735000.0,105775000.0,7.81,0.47,0.38,9.43,4.34,23.8,0.33,7.5,0.17,5.9,0.4,4.0,0.7,4.7,4.9,6.73,2.27,8.75,0.63,29.5,0.54,2200280000.0,626502000.0,236730000.0,389772000.0,1705370000.0,997920000.0,1179440000.0,351887000.0,88387000.0,33454000.0,49189000.0,18720000.0,12.9,,,,,,
DIRR3,34.32,ON NM,17/04/2025,Direcional Engenharia ON NM,19.75,Construção Civil,34.32,Incorporações,62431700.0,5954520000.0,31/12/2024,5972680000.0,173500000.0,9.33,3.68,2.95,11.62,8.29,36.4,1.78,21.5,0.59,21.7,1.94,7.1,-1.82,8.6,31.7,7.58,3.03,8.31,0.81,20.8,0.33,10067400000.0,1633350000.0,1615180000.0,18164000.0,4571390000.0,2015460000.0,3348470000.0,924210000.0,718330000.0,202850000.0,638378000.0,181461000.0,9.7,,,,,,
CURY3,27.34,ON NM,17/04/2025,CURY S/A ON NM,16.74,Construção Civil,27.34,Incorporações,46126300.0,7979860000.0,31/12/2024,7550010000.0,291875000.0,12.28,2.23,7.28,3.75,8.9,38.5,2.03,22.8,1.84,17.8,5.41,20.7,-26.28,32.8,59.3,8.14,2.18,8.42,0.9,34.6,0.9,4339300000.0,986382000.0,1416240000.0,-429854000.0,2726140000.0,1095470000.0,3926310000.0,1034970000.0,896639000.0,247477000.0,649843000.0,165784000.0,8.3,,,,,,
TEND3,15.95,ON NM,17/04/2025,Tenda ON NM,10.46,Construção Civil,17.38,Incorporações,35173800.0,1955120000.0,31/12/2024,2318860000.0,122578000.0,18.37,0.87,2.07,7.72,5.34,27.1,0.6,11.2,0.37,3.1,1.57,6.9,-1.64,8.6,11.2,5.33,1.64,6.33,1.28,9.0,0.61,5348940000.0,1213060000.0,849321000.0,363741000.0,3198770000.0,946786000.0,3284400000.0,850569000.0,366417000.0,97936000.0,106413000.0,21316000.0,1.1,,,,,,
EVEN3,5.83,ON NM,17/04/2025,Even ON NM,5.31,Construção Civil,7.02,Incorporações,6497560.0,1166000000.0,31/12/2024,1578110000.0,200000000.0,27.69,0.21,0.65,9.0,3.3,26.8,0.54,16.4,0.23,6.1,0.36,6.8,1.01,8.1,2.3,4.4,4.32,4.46,0.65,8.1,0.42,5178910000.0,1176820000.0,764706000.0,412115000.0,4261690000.0,1799390000.0,2157290000.0,205172000.0,353864000.0,36401000.0,42108000.0,-13952000.0,15.5,,,,,,
AZEV3,0.72,ON,17/04/2025,AZEVEDO & TRAVASSOS ON,0.53,Construção e Engenharia,1.31,Construção Pesada,2226950.0,426783000.0,31/12/2024,533078000.0,592754000.0,-1.6,-0.45,3.13,0.23,-3.58,1.7,2.81,-78.4,0.62,-175.5,-2.27,-17.3,-1.0,-20.0,-195.4,-6.71,0.4,-4.48,0.8,69.7,0.22,688233000.0,109446000.0,3151000.0,106295000.0,126058000.0,136381000.0,151818000.0,20892000.0,-119086000.0,-47012000.0,-266491000.0,-149657000.0,,,,,,,
SEER3,5.5,ON NM,17/04/2025,SER EDUCA ON NM,4.03,Diversos,7.65,Serviços Educacionais,3689200.0,707971000.0,31/12/2024,1301580000.0,128722000.0,-609.27,-0.01,0.59,9.39,2.34,55.2,0.36,15.3,0.2,-0.1,2.77,8.8,-0.56,9.9,-0.1,2.48,1.35,4.3,0.8,12.6,0.57,3456090000.0,964333000.0,370728000.0,593605000.0,986134000.0,1208460000.0,1981350000.0,523762000.0,302506000.0,75050000.0,-1162000.0,-30208000.0,,,,,,,
DOTZ3,3.74,ON NM,17/04/2025,DOTZ SA ON NM,2.66,Diversos,9.0,Programas de Fidelização,40722.0,49681800.0,31/12/2024,90408800.0,13283900.0,-3.01,-1.24,-0.2,-18.55,4140.15,82.3,0.32,,0.26,-10.7,-0.23,,-0.13,,6.7,3.06,0.24,7534.07,-0.28,8.0,0.79,194574000.0,69463000.0,28736000.0,40727000.0,68446000.0,-246421000.0,154016000.0,39082000.0,12000.0,18744000.0,-16487000.0,-496000.0,,,,,,,
VTRU3,7.77,ON NM,17/04/2025,VITRUEDUCA ON NM,5.4,Diversos,16.4,Serviços Educacionais,2336330.0,1042520000.0,31/12/2024,2942570000.0,134172000.0,3.61,2.15,0.41,19.07,1.41,65.1,0.49,34.4,0.18,13.5,2.28,12.7,-0.42,14.1,11.3,3.08,2.29,3.99,0.92,27.5,0.37,5825330000.0,2350580000.0,450526000.0,1900060000.0,812562000.0,2558220000.0,2141810000.0,530039000.0,737736000.0,164409000.0,288752000.0,194484000.0,,,,,,,
COGN3,2.45,ON,17/04/2025,COGNA ON,0.99,Diversos,2.45,Serviços Educacionais,112239000.0,4597680000.0,31/12/2024,10138700000.0,1876610000.0,5.23,0.47,0.37,6.61,2.36,66.9,0.72,30.5,0.19,15.5,2.63,8.0,-0.76,8.9,7.1,3.85,1.61,5.21,0.55,6.0,0.26,24200400000.0,6873210000.0,1332190000.0,5541020000.0,4627370000.0,12395700000.0,6390590000.0,2160560000.0,1946420000.0,1120810000.0,879871000.0,925828000.0,,,,,,,
MILS3,9.37,ON NM,17/04/2025,MILLS ON NM,8.12,Diversos,13.18,Aluguel de carros,7626680.0,2194250000.0,31/12/2024,3296310000.0,234178000.0,7.7,1.22,1.52,6.17,4.18,62.1,1.39,33.3,0.57,18.1,2.73,13.6,-2.28,18.0,19.7,4.35,2.23,6.29,1.31,33.6,0.41,3869240000.0,1895380000.0,793315000.0,1102060000.0,1459070000.0,1445280000.0,1575410000.0,432568000.0,524431000.0,157138000.0,284890000.0,75591000.0,6.6,,,,,,
ARML3,4.4,ON NM,17/04/2025,ARMAC ON NM,3.67,Diversos,11.18,Aluguel de carros,6709390.0,1524570000.0,31/12/2024,3362130000.0,346494000.0,8.96,0.49,1.21,3.63,2.91,40.5,0.86,29.6,0.33,9.9,2.1,11.3,-0.78,14.7,13.5,4.63,2.13,6.43,1.97,97.0,0.38,4637350000.0,2479040000.0,641487000.0,1837550000.0,1364730000.0,1258630000.0,1765970000.0,473494000.0,523053000.0,98388000.0,170197000.0,9752990.0,7.2,,,,,,
MOVI3,6.06,ON NM,17/04/2025,MOVIDA ON NM,3.34,Diversos,7.48,Aluguel de carros,30125300.0,2195550000.0,31/12/2024,18395700000.0,362302000.0,9.48,0.64,0.88,6.88,0.77,29.8,0.16,21.1,0.07,1.7,-0.95,9.3,-0.1,13.6,9.3,3.73,0.75,6.47,8.22,35.7,0.44,30573900000.0,20491500000.0,4291360000.0,16200200000.0,6950870000.0,2492490000.0,13481300000.0,3248160000.0,2845310000.0,749658000.0,231493000.0,62173000.0,2.5,,,,,,
CSED3,3.86,ON NM,17/04/2025,CRUZEIRO EDU ON NM,2.73,Diversos,4.35,Serviços Educacionais,2237280.0,1407130000.0,31/12/2024,1875210000.0,364543000.0,9.75,0.4,0.96,4.03,3.21,48.7,0.55,17.1,0.31,5.6,-21.77,9.6,-0.63,11.1,9.8,2.71,0.93,4.28,0.7,9.9,0.56,4569490000.0,1023410000.0,555331000.0,468077000.0,847519000.0,1470790000.0,2568350000.0,662721000.0,438160000.0,60136000.0,144306000.0,-9793000.0,4.3,,,,,,
YDUQ3,14.85,ON,17/04/2025,YDUQS PART ON,7.92,Diversos,16.35,Serviços Educacionais,64361400.0,4070220000.0,31/12/2024,8629280000.0,274089000.0,11.92,1.25,1.3,11.4,4.69,61.0,0.76,16.2,0.41,6.4,3.77,8.7,-0.95,10.0,10.9,5.1,1.75,9.95,1.79,8.5,0.54,9938420000.0,5605970000.0,1046920000.0,4559060000.0,2516950000.0,3124960000.0,5351780000.0,1266280000.0,867464000.0,147890000.0,341378000.0,14636000.0,2.1,,,,,,
VAMO3,4.99,ON NM,17/04/2025,VAMOS ON NM,3.58,Diversos,8.71,Aluguel de carros,53092500.0,5394350000.0,31/12/2024,17099300000.0,1081030000.0,14.16,0.35,2.21,2.26,1.97,64.0,1.15,58.4,0.27,8.1,3.81,13.5,-0.39,16.3,15.6,4.89,1.52,6.23,5.93,35.5,0.23,20277000000.0,14493200000.0,2788230000.0,11704900000.0,4144510000.0,2442370000.0,4699310000.0,-885406000.0,2744370000.0,696121000.0,380974000.0,-117944000.0,5.5,,,,,,
ANIM3,3.1,ON NM,17/04/2025,ANIMA ON NM,1.52,Diversos,3.58,Serviços Educacionais,26188600.0,1251990000.0,31/12/2024,5309810000.0,403869000.0,14.7,0.21,0.55,5.63,1.23,61.9,0.33,26.8,0.13,5.4,1.12,10.5,-0.26,12.4,3.7,3.54,2.16,5.22,2.33,26.0,0.39,9688870000.0,5309790000.0,1251980000.0,4057810000.0,2084650000.0,2274250000.0,3801380000.0,895383000.0,1017420000.0,231581000.0,85146000.0,15856000.0,15.2,,,,,,
RENT3,40.25,ON,17/04/2025,LOCALIZA RENT A CAR ON,27.29,Diversos,48.89,Aluguel de carros,359261000.0,43575500000.0,31/12/2024,76916500000.0,1082620000.0,24.03,1.68,1.65,24.32,7.51,23.5,1.17,15.6,0.5,4.9,14.2,6.7,-1.09,8.8,6.9,6.46,1.17,13.25,1.7,42.6,0.43,87243600000.0,44766500000.0,11425600000.0,33341000000.0,20782000000.0,26334100000.0,37271600000.0,9852750000.0,5805170000.0,2033330000.0,1813630000.0,838104000.0,4.1,,,,,,
RNEW11,2.6,UNT N2,17/04/2025,RENOVA UNT N2,2.45,Energia Elétrica,3.74,Energia Elétrica,31335.0,216219000.0,31/12/2024,1211050000.0,249484000.0,-1.85,-1.41,0.26,9.81,-2.25,-11.9,0.83,-37.0,0.07,-45.2,-2.91,-3.1,-0.11,-3.4,-14.3,194.11,0.79,-12.62,1.4,41.8,0.08,3061350000.0,1144190000.0,149361000.0,994829000.0,288269000.0,815951000.0,259226000.0,91341000.0,-95986000.0,-75189000.0,-117069000.0,-67649000.0,,,,,,,
LIGT3,4.67,ON,17/04/2025,LIGHT SA ON,3.29,Energia Elétrica,6.82,Energia Elétrica,5028540.0,1739830000.0,31/12/2024,8156150000.0,372555000.0,1.06,4.41,0.33,14.01,1.24,15.6,0.12,9.4,0.07,11.0,0.82,5.5,-0.13,7.0,31.5,3.55,1.42,5.81,1.82,2.1,0.59,25343700000.0,9505840000.0,3089520000.0,6416320000.0,7158980000.0,5218460000.0,14876300000.0,4114880000.0,1404720000.0,249835000.0,1643780000.0,1895170000.0,,,,,,,
COCE3,25.0,ON,17/04/2025,CIA ENERG CEARA - COELCE ON,25.0,Energia Elétrica,44.0,Energia Elétrica,736.0,1946380000.0,31/12/2024,7179270000.0,77855000.0,4.19,5.97,0.38,66.02,1.43,19.0,0.23,16.1,0.14,5.5,-0.75,9.4,-0.31,10.5,9.0,3.58,0.54,5.28,1.06,8.2,0.59,14406900000.0,5447490000.0,214599000.0,5232890000.0,3081680000.0,5139620000.0,8442130000.0,2279700000.0,1359550000.0,285739000.0,464914000.0,202336000.0,3.7,,,,,,
CBEE3,8.8,ON,25/03/2025,AMPLA ENERG ON,8.8,Energia Elétrica,19.99,Energia Elétrica,226.0,3344350000.0,31/12/2024,7659450000.0,380040000.0,4.99,1.76,0.4,22.21,2.91,17.0,0.38,13.1,0.17,7.7,-1.51,5.8,-0.49,6.4,7.9,3.86,0.66,6.67,0.56,6.1,0.45,19631300000.0,4736310000.0,421212000.0,4315100000.0,4301770000.0,8442090000.0,8741530000.0,2412890000.0,1147570000.0,308300000.0,670153000.0,706813000.0,,,,,,,
CEEB3,37.97,ON,17/04/2025,COELBA ON,35.98,Energia Elétrica,40.0,Energia Elétrica,12754.0,9951780000.0,31/12/2024,24706800000.0,262096000.0,5.5,6.9,1.34,28.33,2.39,30.0,0.6,25.2,0.32,10.9,-30.43,13.3,-0.57,14.6,24.4,4.81,0.95,5.93,2.2,8.6,0.53,31283000000.0,16309000000.0,1554000000.0,14755000000.0,6346000000.0,7424000000.0,16529000000.0,4865000000.0,4165000000.0,1284000000.0,1808000000.0,629000000.0,4.4,,,,,,
ISAE3,31.91,ON,17/04/2025,ISA ENERGIA ON,28.19,Energia Elétrica,33.85,Energia Elétrica,107674.0,21025000000.0,31/12/2024,30898000000.0,658883000.0,6.01,5.31,1.07,29.92,4.65,46.9,2.64,56.8,0.49,44.6,4.5,10.5,-1.37,11.4,17.7,6.77,2.43,6.83,0.67,18.0,0.18,43304600000.0,13273800000.0,3400740000.0,9873060000.0,7939450000.0,19714600000.0,7966580000.0,2520070000.0,4525580000.0,901458000.0,3498420000.0,1211700000.0,7.4,,,,,,
NEOE3,20.94,ON NM,17/04/2025,NEOENERGIA ON NM,17.4,Energia Elétrica,21.18,Energia Elétrica,23495800.0,25416900000.0,31/12/2024,70190900000.0,1213800000.0,6.99,2.99,0.78,26.89,2.41,26.7,0.52,21.6,0.23,7.5,5.74,9.6,-0.49,10.8,11.1,5.22,1.22,6.65,1.61,9.2,0.45,109541000000.0,52600000000.0,7826000000.0,44774000000.0,24895000000.0,32638000000.0,48993000000.0,13630000000.0,10562000000.0,2856000000.0,3635000000.0,852000000.0,3.2,,,,,,
ENGI3,12.0,ON,17/04/2025,ENERGISA ON,9.47,Energia Elétrica,15.42,Energia Elétrica,119669.0,27473100000.0,31/12/2024,54029400000.0,2289420000.0,7.25,1.66,1.59,7.55,4.21,25.4,0.81,19.4,0.36,13.8,8.17,8.5,-0.74,9.9,21.9,6.44,1.23,8.28,2.03,11.3,0.44,77181700000.0,35117600000.0,8561250000.0,26556300000.0,18016000000.0,17279500000.0,33715500000.0,9558150000.0,6529230000.0,1369910000.0,3789680000.0,1828940000.0,4.8,,,,,,
EGIE3,39.29,ON,17/04/2025,ENGIE BRASIL ON,34.67,Energia Elétrica,45.68,Energia Elétrica,58352600.0,32057800000.0,31/12/2024,51746700000.0,815928000.0,7.49,5.24,2.85,13.81,5.73,54.4,2.86,49.9,0.64,38.4,-429.52,11.2,-1.05,12.4,38.0,7.76,0.99,9.24,2.1,-3.3,0.22,50112300000.0,23647600000.0,3958760000.0,19688900000.0,7198390000.0,11266700000.0,11218600000.0,3270910000.0,5598510000.0,1448620000.0,4279350000.0,1068910000.0,6.8,,,,,,
ALUP11,28.63,UNT N2,17/04/2025,ALUPAR UNT N2,25.09,Energia Elétrica,30.9,Energia Elétrica,28771900.0,9437220000.0,31/12/2024,18622600000.0,988881000.0,8.69,3.29,1.15,25.0,3.46,72.6,2.36,68.2,0.31,46.5,2.96,8.9,-0.74,10.1,13.2,6.4,2.04,6.83,1.54,-12.3,0.13,30689000000.0,12729600000.0,3544260000.0,9185370000.0,6244060000.0,8240130000.0,4002100000.0,1123310000.0,2728560000.0,697782000.0,1086090000.0,230322000.0,5.4,,,,,,
ELET3,42.13,ON,17/04/2025,ELETROBRÁS ON,33.21,Energia Elétrica,42.28,Energia Elétrica,383212000.0,97198100000.0,31/12/2024,136968000000.0,2307100000.0,9.37,4.5,0.8,52.82,7.21,44.9,2.42,33.5,0.34,25.8,2.96,4.7,-0.94,5.4,8.5,7.84,2.04,10.16,0.62,6.6,0.14,289871000000.0,75803200000.0,36033100000.0,39770100000.0,64451100000.0,121863000000.0,40181600000.0,12025100000.0,13479400000.0,3420890000.0,10378100000.0,1114490000.0,3.0,,,,,,
CPLE3,9.96,ON,17/04/2025,COPEL ON,7.77,Energia Elétrica,9.96,Energia Elétrica,46348800.0,29708800000.0,31/12/2024,42792400000.0,2982810000.0,10.57,0.94,1.16,8.61,7.56,21.6,1.31,17.3,0.52,12.4,11.01,6.8,-1.59,7.7,10.9,7.93,1.26,10.89,0.67,2.8,0.39,57384200000.0,17246200000.0,4162570000.0,13083600000.0,13041800000.0,25674700000.0,22651000000.0,6019160000.0,3928770000.0,1029830000.0,2809630000.0,586506000.0,3.9,,,,,,
EKTR4,50.49,PN,17/04/2025,ELEKTRO ELETRICIDADE E SERVIÇOS SA PN,33.37,Energia Elétrica,56.7,Energia Elétrica,13529.0,9782890000.0,31/12/2024,16284900000.0,193759000.0,10.69,4.72,4.86,10.39,4.57,26.8,1.05,23.0,0.81,9.8,-68.89,17.8,-1.48,20.5,45.5,6.43,0.96,7.61,3.61,6.7,0.78,12011000000.0,7267000000.0,765000000.0,6502000000.0,3394000000.0,2013000000.0,9328000000.0,2447000000.0,2141000000.0,523000000.0,915000000.0,195000000.0,12.5,,,,,,
AFLT3,7.0,ON,14/04/2025,AFLUENTE T ON,6.53,Energia Elétrica,7.8,Energia Elétrica,1272.0,441595000.0,31/12/2024,465068000.0,63085000.0,12.98,0.54,1.75,4.01,10.12,55.7,5.13,50.7,1.29,39.6,8.42,12.7,-22.76,13.3,13.5,10.61,3.91,10.66,0.12,12.4,0.25,342757000.0,30794000.0,7321000.0,23473000.0,70441000.0,252912000.0,85999000.0,33872000.0,43628000.0,13572000.0,34029000.0,11158000.0,7.7,,,,,,
EQTL3,34.15,ON NM,17/04/2025,EQUATORIAL ENERGIA SA ON NM,26.16,Energia Elétrica,35.73,Energia Elétrica,271569000.0,42818900000.0,31/12/2024,85608200000.0,1253850000.0,15.23,2.24,1.64,20.83,4.45,28.8,0.94,21.2,0.37,8.3,4.8,8.3,-0.74,9.7,10.8,7.25,1.46,8.9,2.14,26.9,0.39,116412000000.0,55827100000.0,13037700000.0,42789300000.0,28527300000.0,26113700000.0,45366700000.0,12618100000.0,9624300000.0,2195960000.0,2811670000.0,1263680000.0,1.5,,,,,,
ENMT3,77.0,ON,17/04/2025,ENERGISA MT ON,72.14,Energia Elétrica,85.0,Energia Elétrica,4803.0,16858500000.0,31/12/2024,22163800000.0,218942000.0,15.49,4.97,3.96,19.46,9.16,27.9,2.05,22.4,1.19,13.2,12.04,13.0,-2.88,15.3,25.5,10.22,1.53,12.04,1.62,10.4,0.58,14165000000.0,6895080000.0,1589840000.0,5305240000.0,4047400000.0,4259880000.0,8214480000.0,2355690000.0,1840980000.0,417449000.0,1088080000.0,278759000.0,4.8,,,,,,
SRNA3,9.4,ON NM,17/04/2025,SERENA ON NM,5.28,Energia Elétrica,9.61,Energia Elétrica,35454100.0,5853670000.0,31/12/2024,16529400000.0,622731000.0,19.68,0.48,1.04,9.05,4.95,33.6,1.42,28.6,0.29,7.2,-245.91,5.9,-0.5,6.4,5.3,8.54,0.99,13.99,2.15,140.5,0.2,20161800000.0,12103700000.0,1427970000.0,10675800000.0,2827380000.0,5635040000.0,4124980000.0,1615910000.0,1181510000.0,556763000.0,297436000.0,228428000.0,,,,,,,
AURE3,7.9,ON NM,17/04/2025,AUREN ON NM,7.39,Energia Elétrica,12.5,Energia Elétrica,48590400.0,8297990000.0,31/12/2024,28310100000.0,1050380000.0,33.07,0.24,0.63,12.57,8.51,17.7,1.03,12.1,0.16,3.4,2.08,1.8,-0.31,2.2,1.9,17.56,1.56,29.04,2.06,41.6,0.15,52754100000.0,27215300000.0,7203180000.0,20012100000.0,11137800000.0,13201700000.0,8059950000.0,3165860000.0,974938000.0,334514000.0,250938000.0,-364599000.0,,,,,,,
ENEV3,12.47,ON,17/04/2025,ENEVA ON,9.55,Energia Elétrica,14.42,Energia Elétrica,108314000.0,24099400000.0,31/12/2024,37619500000.0,1932590000.0,573.62,0.02,1.27,9.78,8.35,34.7,2.12,25.3,0.46,4.8,8.81,5.5,-1.0,6.1,0.2,8.22,1.47,13.04,0.92,37.6,0.22,52770800000.0,17386400000.0,3866310000.0,13520100000.0,8518300000.0,18909500000.0,11387500000.0,4858550000.0,2885280000.0,685033000.0,42013000.0,-1066540000.0,,,,,,,
SCAR3,16.7,ON,17/04/2025,SÃO CARLOS EMPREENDE PARTICIPAÇÕES SA ON,15.8,Exploração de Imóveis,24.96,Exploração de Imóveis,1311520.0,964208000.0,31/12/2024,1850880000.0,57737000.0,-29.45,-0.57,0.62,26.74,8.52,36.0,1.89,22.2,0.34,-6.5,1.8,3.9,-1.86,4.4,-2.1,11.02,3.02,16.36,0.75,27.0,0.18,2873680000.0,1162910000.0,276245000.0,886670000.0,801414000.0,1543790000.0,508888000.0,172329000.0,113148000.0,34222000.0,-32736000.0,-26313000.0,20.9,,,,,,
NEXP3,3.83,ON,17/04/2025,NEXPE ON,3.54,Exploração de Imóveis,4.51,Intermediação Imobiliária,2762.0,10170800.0,31/12/2024,5369830.0,2655570.0,-0.21,-18.26,-0.05,-70.13,-0.69,45.3,0.09,-13.0,0.3,-42.4,-0.61,-42.9,-0.05,-54.7,26.0,9.4,0.56,-0.36,-0.01,0.2,3.32,34475000.0,1562000.0,6363000.0,-4801000.0,20932000.0,-186236000.0,114309000.0,86821000.0,-14803000.0,-8060000.0,-48485000.0,-39356000.0,,,,,,,
SYNE3,5.31,ON NM,17/04/2025,SYN PROP TEC ON NM,3.45,Exploração de Imóveis,5.55,Exploração de Imóveis,2526140.0,810540000.0,31/12/2024,1222120000.0,152644000.0,1.48,3.58,0.75,7.03,1.66,42.2,0.6,36.0,0.26,48.6,0.87,15.5,-5.12,18.0,50.9,2.15,5.21,2.5,0.76,3.7,0.43,3148170000.0,819317000.0,407738000.0,411579000.0,1148950000.0,1073780000.0,1357740000.0,77944000.0,489456000.0,19573000.0,546255000.0,59890000.0,123.4,,,,,,
LOGG3,19.16,ON NM,17/04/2025,LOG COM PROP ON NM,16.55,Exploração de Imóveis,22.83,Exploração de Imóveis,4361900.0,1683380000.0,31/12/2024,3523340000.0,87859000.0,4.9,3.91,0.47,40.82,10.65,97.6,7.66,71.9,0.25,156.7,4.42,2.3,-0.86,2.4,9.6,21.52,1.45,22.29,0.58,13.5,0.03,6774200000.0,2066200000.0,226237000.0,1839970000.0,1218660000.0,3586010000.0,219742000.0,55916000.0,158082000.0,40148000.0,343389000.0,99377000.0,9.0,,,,,,
HBRE3,3.61,ON NM,17/04/2025,HBR REALTY ON NM,2.61,Exploração de Imóveis,6.0,Exploração de Imóveis,1233860.0,372512000.0,31/12/2024,1746410000.0,103189000.0,7.82,0.46,0.18,20.05,1.32,79.8,2.29,173.7,0.07,83.2,1.98,5.6,-0.22,5.7,2.3,6.07,1.64,6.17,0.74,22.7,0.03,5090770000.0,1526460000.0,152565000.0,1373890000.0,483112000.0,2068680000.0,162982000.0,43978000.0,283080000.0,229646000.0,47645000.0,100369000.0,,,,,,,
MULT3,24.14,ON N2,17/04/2025,Multiplan ON N2,19.83,Exploração de Imóveis,26.67,Exploração de Imóveis,107357000.0,12387800000.0,31/12/2024,16627100000.0,513164000.0,9.24,2.61,2.19,11.0,6.78,83.4,4.87,71.8,0.99,52.7,18.83,14.6,-2.66,16.6,23.8,8.46,1.43,9.1,0.96,24.2,0.2,12511800000.0,5430930000.0,1191610000.0,4239320000.0,2201630000.0,5645520000.0,2544790000.0,936302000.0,1826420000.0,710240000.0,1340810000.0,512477000.0,4.8,,,,,,
ALOS3,20.21,ON,17/04/2025,ALLOS ON,16.93,Exploração de Imóveis,23.16,Exploração de Imóveis,75896700.0,10972800000.0,31/12/2024,7603650000.0,542937000.0,15.71,1.29,0.82,24.62,8.33,73.8,4.0,48.1,0.4,29.6,5.47,4.8,-1.24,5.5,5.2,3.93,1.89,5.78,-,42.3,0.1,27288800000.0,,3369100000.0,-3369100000.0,4271850000.0,13364900000.0,2739850000.0,796451000.0,1316650000.0,438694000.0,698511000.0,168566000.0,9.3,,,,,,
SIMH3,4.98,ON NM,17/04/2025,SIMPAR ON NM,3.03,Holdings Diversificadas,7.09,Holdings Diversificadas,27775100.0,4347740000.0,31/12/2024,47740900000.0,873041000.0,-21.94,-0.23,1.58,3.15,0.62,25.8,0.11,17.1,0.05,0.2,0.71,8.4,-0.09,11.3,-7.2,4.41,1.29,6.8,20.86,44.7,0.49,84025800000.0,57397900000.0,14004700000.0,43393200000.0,27221000000.0,2751510000.0,41062900000.0,10742700000.0,7017090000.0,1758680000.0,-198156000.0,-245244000.0,,,,,,,
ZAMP3,3.03,ON,17/04/2025,ZAMP SA ON,2.1,Hoteis e Restaurantes,3.96,Restaurante e Similares,2853390.0,1233010000.0,31/12/2024,1783520000.0,406934000.0,-6.44,-0.47,0.8,3.8,-34.6,64.9,0.27,-0.8,0.26,-4.2,7.11,-0.8,-0.67,-1.0,-12.4,3.98,1.15,-50.05,0.84,19.2,0.97,4677970000.0,1298680000.0,748166000.0,550511000.0,1303170000.0,1546030000.0,4556360000.0,1296740000.0,-35632200.0,-31470200.0,-191319000.0,-40575000.0,,,,,,,
HOOT4,2.54,PN,17/04/2025,HOTEIS OTHON SA PN,2.21,Hoteis e Restaurantes,3.7,Hotelaria,43380.0,46664900.0,31/12/2024,33233900.0,18372000.0,0.58,4.42,-0.77,-3.29,0.87,68.1,0.29,32.9,0.09,49.9,-0.67,10.7,-0.09,11.2,-134.3,0.53,0.53,0.62,-0.02,51.8,0.33,498883000.0,1022000.0,14453000.0,-13431000.0,78308000.0,-60396000.0,162733000.0,59973000.0,53463000.0,27907000.0,81134000.0,37865000.0,,,,,,,
BBAS3,27.43,ON,17/04/2025,BANCO DO BRASIL SA ON,23.26,Intermediários Financeiros,28.85,Bancos,608393000.0,157197000000.0,31/12/2024,-,5730830000.0,4.46,6.15,0.87,31.56,-,-,-,-,-,,-,,-,-,19.5,-,-,-,-,25.5,-,2395430000000.0,,,,,180879000000.0,,,,,35260200000.0,8688310000.0,9.5,,,56249200000.0,15376400000.0,21277700000.0,5436090000.0
ITSA3,9.97,ON N1,17/04/2025,ITAÚSA ON N1,8.17,Intermediários Financeiros,10.03,Bancos,1278020.0,108120000000.0,31/12/2024,112270000000.0,10844600000.0,7.32,1.36,1.2,8.34,157.84,29.8,13.13,8.3,0.94,180.8,16.03,0.6,-15.21,0.6,16.3,58.6,2.17,163.9,0.12,5.9,0.07,114625000000.0,11112000000.0,6962000000.0,4150000000.0,12519000000.0,90443000000.0,8235000000.0,2064000000.0,685000000.0,49000100.0,14778000000.0,3722000000.0,8.9,,,,,,
SANB11,27.07,UNT,17/04/2025,SANTANDER UNT,23.1,Intermediários Financeiros,30.96,Bancos,67834400.0,101493000000.0,31/12/2024,-,7498530000.0,7.79,3.48,1.13,24.03,-,-,-,-,-,,-,,-,-,14.5,-,-,-,-,-2.1,-,1349920000000.0,,,,,90105000000.0,,,,,13035500000.0,3432710000.0,7.4,,,22816500000.0,6579270000.0,17846300000.0,5804660000.0
SUZB3,51.84,ON,17/04/2025,Suzano Papel ON,45.39,Madeira e Papel,64.87,Papel e Celulose,318543000.0,65531900000.0,31/12/2024,144977000000.0,1264120000.0,-9.26,-5.6,2.03,25.54,4.54,42.2,1.38,30.5,0.39,-14.9,3.7,8.7,-0.72,10.5,-21.9,6.13,1.72,10.04,3.14,8.9,0.29,165936000000.0,101436000000.0,21990400000.0,79445200000.0,42183000000.0,32284300000.0,47403300000.0,14177000000.0,14443400000.0,3569280000.0,-7074200000.0,-6748300000.0,3.9,,,,,,
KLBN11,17.9,UNT N2,17/04/2025,KLABIN UNT N2,17.8,Madeira e Papel,23.64,Papel e Celulose,98914300.0,22123300000.0,31/12/2024,54297300000.0,6179680000.0,12.08,1.48,3.33,5.38,4.75,37.5,1.13,23.7,0.37,10.4,3.32,7.8,-0.6,9.5,27.5,6.3,1.93,11.67,5.97,11.4,0.33,59390800000.0,39704200000.0,7530210000.0,32174000000.0,13818800000.0,6651850000.0,19645300000.0,5268220000.0,4653620000.0,1319670000.0,1831010000.0,397698000.0,6.8,,,,,,
DXCO3,5.16,ON,17/04/2025,DEXCO ON,5.06,Madeira e Papel,8.68,Madeira,15670200.0,4234120000.0,31/12/2024,8959990000.0,820566000.0,24.56,0.21,0.61,8.5,4.67,29.8,0.51,11.0,0.23,2.1,2.97,5.0,-0.72,6.0,2.5,4.21,1.39,9.89,0.93,5.9,0.45,18144100000.0,6479590000.0,1753720000.0,4725870000.0,5066200000.0,6976900000.0,8234650000.0,2064170000.0,906416000.0,107734000.0,172414000.0,22512000.0,1.0,,,,,,
AERI3,3.87,ON NM,17/04/2025,AERIS ON NM,3.64,Máquinas e Equipamentos,12.1,Máq e Equip Industriais,2250010.0,240405000.0,31/12/2024,1451380000.0,62120200.0,-0.26,-15.04,1.16,3.33,-0.34,9.6,0.16,-46.1,0.1,-61.6,-0.24,-29.5,-0.22,-35.9,-451.5,-2.44,0.51,-2.08,7.53,-6.0,0.64,2367610000.0,1556820000.0,345841000.0,1210980000.0,1062540000.0,206877000.0,1516480000.0,211373000.0,-699073000.0,-763048000.0,-934083000.0,-833066000.0,,,,,,,
KEPL3,7.55,ON,17/04/2025,KEPLER WEBER SA ON,6.94,Máquinas e Equipamentos,10.79,Máq e Equip Industriais,15129500.0,1356890000.0,31/12/2024,1264610000.0,179720000.0,6.81,1.11,1.83,4.12,4.86,29.9,0.84,17.4,0.85,12.4,2.57,17.5,6.26,26.0,26.9,3.97,1.98,4.53,0.44,21.6,1.01,1594030000.0,329222000.0,421500000.0,-92278000.0,1070030000.0,740781000.0,1607300000.0,460100000.0,279261000.0,75060000.0,199183000.0,50382000.0,10.9,,,,,,
TASA3,9.12,ON,17/04/2025,TAURUS ARMAS ON,7.95,Máquinas e Equipamentos,12.84,Armas e Munições,88308.0,1154900000.0,31/12/2024,1612590000.0,126634000.0,15.08,0.6,0.89,10.22,7.15,34.8,0.69,9.7,0.44,4.6,2.16,6.1,5.33,7.4,5.9,7.86,1.53,9.98,0.58,-5.3,0.64,2628650000.0,747538000.0,289851000.0,457687000.0,1551090000.0,1294360000.0,1672670000.0,455244000.0,161588000.0,46808000.0,76592000.0,40501000.0,3.3,,,,,,
WEGE3,45.95,ON N1,17/04/2025,WEG SA ON N1,36.78,Máquinas e Equipamentos,58.03,Motores. Compressores e Outros,362464000.0,192867000000.0,31/12/2024,188466000000.0,4197320000.0,31.92,1.44,8.69,5.29,22.62,33.7,5.08,22.4,4.65,16.6,16.39,20.6,21.78,28.7,27.2,20.18,1.76,22.1,0.16,20.6,0.92,41489700000.0,3595240000.0,7996080000.0,-4400840000.0,27221400000.0,22204200000.0,37986900000.0,10822300000.0,8527120000.0,2358950000.0,6042590000.0,1694300000.0,1.7,,,,,,
RAPT3,8.06,ON N1,17/04/2025,RANDON SA IMPLEMENTOS E PARTICIPAÇÕES ON N1,7.46,Material de Transporte,10.04,Material Rodoviário,162345.0,2654410000.0,31/12/2024,7121090000.0,329331000.0,6.5,1.24,0.82,9.81,1.85,26.7,0.22,12.0,0.17,5.8,0.62,9.3,-1.32,12.2,12.6,4.01,1.91,4.97,2.08,19.5,0.77,15437600000.0,6732810000.0,2266130000.0,4466680000.0,8911880000.0,3229920000.0,11915700000.0,3258810000.0,1432490000.0,327756000.0,408501000.0,117786000.0,4.5,,,,,,
FRAS3,27.69,ON,17/04/2025,FRAS-LE SA ON,16.54,Material de Transporte,27.83,Material Rodoviário,7707880.0,7476740000.0,31/12/2024,7729050000.0,270016000.0,20.33,1.36,3.37,8.22,12.29,33.5,1.89,15.3,1.54,9.4,4.74,12.5,16.25,17.9,16.6,10.08,2.05,12.71,0.5,22.1,0.81,4869610000.0,1111180000.0,858874000.0,252304000.0,3078100000.0,2218850000.0,3965780000.0,1107760000.0,608343000.0,179465000.0,367742000.0,133723000.0,2.3,,,,,,
TUPY3,23.53,ON,17/04/2025,TUPY ON,17.5,Material de Transporte,26.63,Material Rodoviário,16183800.0,3392510000.0,31/12/2024,5786620000.0,144178000.0,42.67,0.55,0.97,24.22,3.71,18.1,0.32,8.6,0.29,0.7,0.83,8.0,-6.16,12.0,2.3,4.44,2.2,6.32,1.37,26.0,0.93,11510900000.0,4770310000.0,2376200000.0,2394110000.0,7460380000.0,3491580000.0,10665100000.0,2493430000.0,915271000.0,148094000.0,79514000.0,-97614000.0,6.6,,,,,,
ELMD3,30.52,ON NM,17/04/2025,ELETROMIDIA ON NM,16.35,Mídia,30.55,Publicidade e Propaganda,6728360.0,4386080000.0,31/12/2024,5213240000.0,143712000.0,38.32,0.8,4.57,6.68,14.12,49.8,3.69,26.2,1.43,12.3,12.07,10.1,-4.32,13.3,11.9,12.05,1.7,16.79,1.41,46.1,0.39,3060150000.0,1357600000.0,530431000.0,827164000.0,879739000.0,960648000.0,1187210000.0,391737000.0,310542000.0,128162000.0,114460000.0,60499000.0,0.3,,,,,,
AURA33,38.61,DR3,17/04/2025,AURA 360 DR3,11.62,Mineração,39.44,Minerais Metálicos,10345000.0,8385920000.0,31/12/2024,9456660000.0,217196000.0,-56.29,-0.69,6.07,6.36,7.03,42.6,2.6,37.0,1.25,-4.6,9.81,17.8,-2.89,27.0,-10.8,7.93,1.55,7.93,1.99,13.8,0.48,6689310000.0,2743830000.0,1673090000.0,1070740000.0,2410880000.0,1380600000.0,3221710000.0,1001130000.0,1192080000.0,406096000.0,-148967000.0,97150000.0,2.0,,,,,,
CMIN3,5.65,ON N2,17/04/2025,CSNMINERACAO ON N2,4.29,Mineração,6.74,Minerais Metálicos,43153100.0,30992200000.0,31/12/2024,25921100000.0,5485340000.0,6.84,0.83,3.02,1.87,6.52,51.4,1.88,28.8,0.85,27.4,3.01,13.1,-3.74,24.8,44.1,4.39,2.36,5.46,0.99,3.6,0.45,36390900000.0,10128700000.0,15199800000.0,-5071100000.0,17832100000.0,10269100000.0,16496300000.0,4829660000.0,4751500000.0,1732860000.0,4527720000.0,2016030000.0,13.8,,,,,,
VALE3,52.88,ON NM,17/04/2025,VALE ON NM,49.2,Mineração,61.36,Minerais Metálicos,1484160000.0,240023000000.0,31/12/2024,305033000000.0,4539010000.0,7.6,6.96,1.16,45.55,3.37,36.3,1.17,34.6,0.48,14.8,99.14,14.4,-1.21,16.2,15.3,3.47,1.03,4.28,0.46,-3.6,0.42,496325000000.0,96012000000.0,31002000000.0,65010000000.0,83476000000.0,206772000000.0,206005000000.0,59401000000.0,71290000000.0,21424000000.0,31592000000.0,-4677000000.0,9.0,,,,,,
OPCT3,5.3,ON NM,17/04/2025,OCEANPACT ON NM,4.9,Petróleo. Gás e Biocombustíveis,7.2,Equipamentos e Serviços,2034700.0,1059790000.0,31/12/2024,2224580000.0,199960000.0,-67.94,-0.08,1.07,4.97,3.91,26.8,0.62,15.8,0.35,-0.9,2.34,9.0,-1.03,11.3,-1.6,4.19,1.82,8.2,1.71,26.1,0.57,3031480000.0,1698510000.0,533712000.0,1164800000.0,1007200000.0,994268000.0,1721060000.0,459157000.0,271352000.0,75206000.0,-15598000.0,-22145000.0,,,,,,,
BRAV3,18.31,ON,17/04/2025,BRAVA ON,15.62,Petróleo. Gás e Biocombustíveis,34.94,Exploração. Refino e Distribuição,223668000.0,8499150000.0,31/12/2024,21792500000.0,464181000.0,-9.34,-1.96,0.81,22.67,5.05,26.7,0.97,19.3,0.19,-10.4,2.26,3.8,-0.34,4.6,-8.6,7.44,1.69,12.95,1.8,160.0,0.2,44463700000.0,18944100000.0,5650690000.0,13293400000.0,9205490000.0,10523700000.0,8726360000.0,1949760000.0,1682890000.0,301326000.0,-909691000.0,-1027150000.0,1.1,,,,,,
CSAN3,7.17,ON,17/04/2025,COSAN SA INDUSTRIA E COMERCIO ON,6.59,Petróleo. Gás e Biocombustíveis,14.33,Exploração. Refino e Distribuição,191188000.0,13383300000.0,31/12/2024,69445000000.0,1866570000.0,-1.42,-5.05,1.23,5.84,1.44,31.2,0.3,21.1,0.09,-18.6,1.04,6.6,-0.19,7.8,-86.4,4.26,1.72,7.47,6.69,32.6,0.31,141266000000.0,72965200000.0,16903500000.0,56061600000.0,30774400000.0,10903800000.0,43950700000.0,11768400000.0,9293510000.0,2285670000.0,-9423800000.0,-9297390000.0,6.3,,,,,,
PRIO3,34.56,ON,17/04/2025,PETRORIO ON,32.89,Petróleo. Gás e Biocombustíveis,49.6,Exploração. Refino e Distribuição,451245000.0,30977700000.0,31/12/2024,49418000000.0,896346000.0,3.01,11.49,1.19,28.92,4.64,50.7,2.16,46.5,0.56,71.7,7.26,12.0,-1.42,13.1,39.7,5.39,2.16,7.41,0.87,65.5,0.26,55746200000.0,22433700000.0,3993360000.0,18440300000.0,7952570000.0,25924200000.0,14360700000.0,2987140000.0,6671600000.0,1466540000.0,10301600000.0,6948890000.0,,,,,,,
VBBR3,18.1,ON,17/04/2025,VIBRA ON,15.54,Petróleo. Gás e Biocombustíveis,24.87,Exploração. Refino e Distribuição,190070000.0,20253900000.0,31/12/2024,30581900000.0,1119000000.0,3.18,5.69,0.99,18.22,4.46,4.8,0.12,2.6,0.41,3.7,1.17,9.3,-7.3,12.6,31.2,6.0,3.04,6.73,1.02,18.8,3.52,49000000000.0,20808000000.0,10480000000.0,10328000000.0,25841000000.0,20385000000.0,172272000000.0,44293000000.0,4545000000.0,965000000.0,6367000000.0,510000000.0,13.2,,,,,,
UGPA3,17.25,ON,17/04/2025,ULTRAPAR PARTICIPAÇÕES SA ON,15.07,Petróleo. Gás e Biocombustíveis,25.78,Exploração. Refino e Distribuição,121216000.0,19242500000.0,31/12/2024,30405200000.0,1115510000.0,8.14,2.12,1.27,13.59,3.62,7.3,0.14,4.0,0.49,1.9,3.46,13.4,-2.5,17.5,15.6,4.66,1.53,5.72,1.04,12.0,3.37,39558100000.0,15787300000.0,4624600000.0,11162700000.0,16047700000.0,15158700000.0,133499000000.0,35401400000.0,5315380000.0,2122870000.0,2362740000.0,841769000.0,4.1,,,,,,
RECV3,14.04,ON NM,17/04/2025,PETRORECONCA ON NM,13.38,Petróleo. Gás e Biocombustíveis,20.53,Exploração. Refino e Distribuição,47894200.0,4120350000.0,31/12/2024,4855180000.0,293472000.0,9.42,1.49,0.97,14.43,4.19,36.5,1.26,30.1,0.55,13.4,4.92,13.2,-2.52,16.2,10.3,2.89,2.14,4.94,0.42,46.8,0.44,7437570000.0,1792320000.0,1057490000.0,734834000.0,1569430000.0,4235280000.0,3264550000.0,843376000.0,983034000.0,251081000.0,437498000.0,32444000.0,19.6,,,,,,
IRBR3,46.03,ON NM,17/04/2025,IRBBRASIL RE ON NM,28.44,Previdência e Seguros,57.08,Seguradoras,73651300.0,3767230000.0,31/12/2024,-,81843000.0,,,0.76,60.19,4.77,0.6,0.62,13.0,0.23,-,-,4.8,-,-,-,-,-,-,-,-,0.37,16446900000.0,,,,,4926060000.0,6057970000.0,1604050000.0,790363000.0,107437000.0,-236819000.0,,,,,,,,
WIZC3,5.98,ON,17/04/2025,WIZ CO ON,5.17,Previdência e Seguros,7.26,Corretoras de Seguros,2390080.0,956244000.0,31/12/2024,1032350000.0,159907000.0,5.97,1.0,1.75,3.42,1.51,62.8,0.76,50.3,0.39,23.6,-3.96,25.9,-1.18,31.3,29.3,1.38,0.66,1.63,0.63,12.9,0.51,2445310000.0,346206000.0,270100000.0,76106000.0,476791000.0,546370000.0,1257270000.0,316447000.0,632138000.0,163612000.0,160111000.0,38580000.0,4.1,,,,,,
PSSA3,40.5,ON,17/04/2025,PORTO SEGURO SA ON,26.67,Previdência e Seguros,41.07,Seguradoras,77075000.0,26186700000.0,31/12/2024,16580700000.0,646586000.0,9.9,4.09,1.86,21.73,0.91,100.0,0.74,81.9,0.55,7.6,7.67,60.2,-3.5,75.3,18.8,0.57,1.15,0.57,-,18.5,0.74,47913700000.0,,9606050000.0,-9606050000.0,26288800000.0,14050800000.0,35243500000.0,8250890000.0,28851900000.0,6564510000.0,2644850000.0,670765000.0,3.9,,,,,,
NTCO3,9.34,ON NM,17/04/2025,GRUPO NATURA ON NM,9.11,Produtos de Uso Pessoal e de Limpeza,17.59,Produtos de Uso Pessoal,202713000.0,12988300000.0,31/12/2024,15372900000.0,1390620000.0,-1.45,-6.42,0.83,11.27,5.43,65.2,0.54,9.9,0.35,-37.1,2.35,6.4,-2.05,9.1,-57.0,4.58,1.58,6.43,0.44,-11.8,0.65,37133400000.0,6842680000.0,4458130000.0,2384560000.0,15139500000.0,15671400000.0,24089800000.0,4655540000.0,2389970000.0,819137000.0,-8929860000.0,-442706000.0,,,,,,,
ENJU3,1.14,ON NM,17/04/2025,ENJOEI ON NM,0.93,Programas e Serviços,2.78,Programas e Serviços,1276830.0,233720000.0,31/12/2024,34920500.0,205018000.0,-9.76,-0.12,0.73,1.56,-6.12,56.0,0.88,-14.4,0.55,-9.0,1.38,-9.0,1.72,-19.2,-7.5,-16.82,3.49,-0.91,-,35.2,0.63,422174000.0,,198800000.0,-198800000.0,237806000.0,320453000.0,265221000.0,68138000.0,-38165000.0,-6988010.0,-23935000.0,-3243000.0,,,,,,,
NGRD3,19.95,ON NM,17/04/2025,NEOGRID ON NM,19.16,Programas e Serviços,33.75,Programas e Serviços,601946.0,182362000.0,31/12/2024,57802800.0,9140940.0,-5.39,-3.7,0.4,49.55,-7.54,59.2,0.67,-8.8,0.3,-12.3,1.26,-4.0,2.68,-5.5,-7.5,1.82,2.86,-2.39,0.04,6.1,0.45,606878000.0,18009000.0,142568000.0,-124559000.0,221918000.0,452974000.0,274098000.0,69674000.0,-24193000.0,-3377010.0,-33816000.0,-17850000.0,0.7,,,,,,
TRAD3,7.0,ON NM,17/04/2025,TC ON NM,2.43,Programas e Serviços,8.32,Programas e Serviços,274169.0,280147000.0,31/12/2024,248501000.0,40021000.0,-3.27,-2.14,1.41,4.96,-5.42,30.3,6.36,-117.4,1.29,-197.1,5.48,-23.8,5.95,-28.3,-43.2,-6.27,4.21,-4.81,0.01,-23.1,0.2,216781000.0,2610000.0,34256000.0,-31646000.0,67034000.0,198545000.0,44015000.0,8822000.0,-51688000.0,-12075000.0,-85697000.0,-34144000.0,,,,,,,
WEST3,4.91,ON NM,17/04/2025,WESTWING ON NM,4.51,Programas e Serviços,12.1,Programas e Serviços,18114.0,54546900.0,31/12/2024,-61942100.0,11109300.0,-2.13,-2.3,0.24,20.72,-1.04,40.0,0.33,-31.2,0.17,-15.2,0.46,-16.6,0.53,-35.0,-11.1,1.85,2.75,1.18,0.05,-19.3,0.53,315028000.0,10447000.0,126936000.0,-116489000.0,187780000.0,230203000.0,167739000.0,41507000.0,-52384000.0,-10648000.0,-25560000.0,-1950000.0,,,,,,,
MBLY3,1.04,ON NM,17/04/2025,MOBLY ON NM,0.97,Programas e Serviços,3.08,Programas e Serviços,339429.0,127674000.0,31/12/2024,462471000.0,122763000.0,-0.86,-1.22,0.35,2.93,-1.91,46.2,0.16,-8.2,0.06,-20.2,1.34,-3.3,-0.11,-3.8,-41.4,12.42,1.16,-6.91,0.99,3.1,0.4,2031020000.0,357833000.0,23036000.0,334797000.0,697717000.0,360011000.0,811197000.0,378453000.0,-66896000.0,904000.0,-149179000.0,-90452000.0,,,,,,,
IFCM3,0.09,ON NM,17/04/2025,INFRACOMM ON NM,0.05,Programas e Serviços,0.66,Programas e Serviços,2270460.0,71814400.0,31/12/2024,748963000.0,797937000.0,-0.04,-2.2,-0.69,-0.13,-0.05,29.0,0.07,-147.5,0.05,-164.8,-0.15,-103.5,-0.08,-152.8,1675.9,-0.52,0.61,-0.48,-7.69,48.4,0.7,1517560000.0,805528000.0,128379000.0,677149000.0,738665000.0,-104790000.0,1065320000.0,331164000.0,-1571010000.0,-1358790000.0,-1756140000.0,-36748000.0,,,,,,,
BMOB3,17.3,ON NM,17/04/2025,BEMOBI TECH ON NM,11.21,Programas e Serviços,17.7,Programas e Serviços,5416070.0,1481030000.0,31/12/2024,892450000.0,85608400.0,12.4,1.4,1.27,13.63,12.55,23.0,0.99,7.9,0.91,8.0,2.23,7.3,2.42,12.9,10.2,4.83,2.63,7.56,-,70.2,0.92,1627210000.0,,588575000.0,-588575000.0,1068750000.0,1166500000.0,1498070000.0,399833000.0,118032000.0,32497000.0,119467000.0,41416000.0,3.7,,,,,,
TOTS3,36.64,ON NM,17/04/2025,TOTVS ON NM,26.03,Programas e Serviços,36.64,Programas e Serviços,131505000.0,21962100000.0,31/12/2024,21681500000.0,599402000.0,30.61,1.2,4.69,7.81,11.56,69.5,4.2,36.4,2.57,14.1,13.56,22.3,-28.12,29.8,15.3,9.74,2.42,11.41,0.35,18.8,0.61,8531720000.0,1661550000.0,1942160000.0,-280613000.0,2763560000.0,4681350000.0,5224010000.0,1351440000.0,1900530000.0,525177000.0,717513000.0,184997000.0,1.6,,,,,,
BRKM3,10.31,ON N1,17/04/2025,BRASKEM ON N1,9.4,Químicos,22.31,Petroquímicos,249864.0,8219210000.0,31/12/2024,44679200000.0,797208000.0,-0.73,-14.2,-1.72,-6.0,9.09,7.7,0.11,1.2,0.08,-15.6,0.94,0.9,-0.12,1.3,236.7,7.63,1.31,49.42,-11.13,1.6,0.76,101575000000.0,53232000000.0,16772000000.0,36460000000.0,37037000000.0,-4782000000.0,77411000000.0,19152000000.0,904000000.0,-307000000.0,-11320000000.0,-5159000000.0,,,,,,,
FHER3,3.71,ON NM,17/04/2025,Fer Heringer ON NM,3.2,Químicos,9.3,Fertilizantes e Defensivos,143412.0,199809000.0,31/12/2024,125978000.0,53857000.0,-0.17,-21.44,-0.17,-21.3,-0.79,2.9,0.04,-5.5,0.06,-25.1,-0.34,-8.2,-0.1,-46.0,100.7,-0.65,0.79,-0.5,-0.02,18.3,1.48,3115900000.0,24574000.0,98405000.0,-73831000.0,2257510000.0,-1147220000.0,4608580000.0,1387110000.0,-254472000.0,-99626000.0,-1154740000.0,-658476000.0,,,,,,,
DEXP3,7.8,ON,17/04/2025,DEXXOS PAR ON,7.4,Químicos,11.11,Petroquímicos,730625.0,852626000.0,31/12/2024,789984000.0,109311000.0,5.91,1.32,0.9,8.7,5.47,19.4,0.47,8.6,0.55,8.5,1.24,10.0,2.23,14.3,15.2,4.21,3.28,5.06,0.29,12.5,1.16,1557120000.0,279119000.0,341761000.0,-62642000.0,988510000.0,951170000.0,1810390000.0,489425000.0,156012000.0,24685000.0,144196000.0,35177000.0,6.1,,,,,,
VITT3,4.9,ON NM,17/04/2025,VITTIA ON NM,4.85,Químicos,6.3,Fertilizantes e Defensivos,1276270.0,736539000.0,31/12/2024,911089000.0,150314000.0,9.75,0.5,1.16,4.22,8.59,33.8,0.94,10.9,0.77,9.6,2.0,9.0,2.71,9.7,11.9,8.46,2.67,10.63,0.37,7.9,0.83,953178000.0,233178000.0,58628000.0,174550000.0,590289000.0,634772000.0,786619000.0,255788000.0,85737000.0,47322000.0,75526000.0,46517000.0,3.5,,,,,,
GGPS3,14.22,ON NM,17/04/2025,GPS ON NM,12.43,Serviços Diversos,18.86,Serviços Diversos,39112100.0,9630930000.0,31/12/2024,11811700000.0,677281000.0,14.64,0.97,2.77,5.13,8.41,15.1,0.65,7.8,0.67,4.5,2.19,8.0,-2.9,10.6,18.9,7.67,2.39,10.31,1.5,30.5,1.03,14370400000.0,5207290000.0,3026520000.0,2180770000.0,7563550000.0,3477230000.0,14774400000.0,4096690000.0,1145310000.0,219707000.0,657826000.0,236193000.0,2.3,,,,,,
PRNR3,17.65,ON NM,17/04/2025,PRINER ON NM,9.81,Serviços Diversos,17.83,Serviços Diversos,5248280.0,824626000.0,31/12/2024,1069390000.0,46721000.0,81.24,0.22,2.42,7.29,9.18,22.4,0.75,8.2,0.67,2.5,13.1,7.3,-3.11,9.5,3.0,7.72,1.12,11.9,1.43,47.8,0.9,1229160000.0,488508000.0,243739000.0,244769000.0,609764000.0,340742000.0,1100580000.0,419693000.0,89846000.0,45850000.0,10150000.0,9128000.0,0.4,,,,,,
B3SA3,12.18,ON,17/04/2025,B3 ON,9.06,Serviços Financeiros Diversos,12.81,Serviços Financeiros Diversos,561944000.0,64146000000.0,31/12/2024,64074500000.0,5266500000.0,14.02,0.87,3.49,3.49,10.48,90.0,6.07,57.9,1.42,43.3,10.64,13.5,-5.5,19.4,24.9,9.58,1.66,10.47,0.72,2.2,0.23,45228800000.0,13228800000.0,13300300000.0,-71485400.0,15187400000.0,18370800000.0,10572700000.0,2667800000.0,6118080000.0,1491020000.0,4576580000.0,1178460000.0,2.7,,,,,,
USIM3,5.65,ON N1,17/04/2025,USIMINAS ON N1,4.79,Siderurgia e Metalurgia,9.34,Siderurgia,1378560.0,7079900000.0,31/12/2024,7894250000.0,1253080000.0,-48.51,-0.12,0.3,19.06,12.02,6.4,0.27,2.3,0.18,,0.56,1.5,1.67,1.9,-0.6,4.35,3.64,13.4,0.28,7.8,0.65,39871800000.0,6768330000.0,5953980000.0,814353000.0,17430900000.0,23881800000.0,25869800000.0,6480250000.0,588911000.0,270735000.0,-145946000.0,-183439000.0,4.6,,,,,,
PMAM3,2.2,ON,17/04/2025,PARANAPANEMA SA ON,0.78,Siderurgia e Metalurgia,2.46,Artefatos de Cobre,1633800.0,165933000.0,31/12/2024,5340570000.0,75424000.0,-0.08,-28.35,-0.03,-83.34,-0.68,-35.6,0.36,-53.4,0.1,-465.0,-0.03,-15.1,-0.02,-26.0,34.0,-33.55,0.06,-21.73,-0.83,-45.4,0.28,1627100000.0,5217080000.0,42444000.0,5174630000.0,397927000.0,-6285850000.0,459926000.0,130080000.0,-245804000.0,-92347000.0,-2138610000.0,-809511000.0,,,,,,,
GOAU3,8.62,ON N1,17/04/2025,METALÚRGICA GERDAU ON N1,8.08,Siderurgia e Metalurgia,11.84,Siderurgia,360756.0,8617470000.0,31/12/2024,13883100000.0,999706000.0,5.58,1.55,0.43,20.04,1.23,13.7,0.13,10.5,0.1,6.9,0.39,8.1,2.1,9.6,7.7,1.37,3.01,1.98,0.68,7.5,0.77,86948500000.0,13636500000.0,8370850000.0,5265640000.0,32803000000.0,20035500000.0,67026700000.0,16822500000.0,7023290000.0,1430640000.0,1544820000.0,109797000.0,5.4,,,,,,
GGBR3,14.55,ON N1,17/04/2025,GERDAU SA ON N1,13.66,Siderurgia e Metalurgia,20.06,Siderurgia,714504.0,29867000000.0,31/12/2024,35226600000.0,2052710000.0,6.54,2.22,0.52,28.23,4.24,13.7,0.45,10.5,0.34,6.9,1.37,8.1,7.41,9.7,7.9,3.47,3.01,5.01,0.24,7.5,0.77,86814500000.0,13636500000.0,8276840000.0,5359640000.0,32669400000.0,57948800000.0,67026700000.0,16822500000.0,7036620000.0,1433590000.0,4566320000.0,316023000.0,5.6,,,,,,
TECN3,6.21,ON NM,17/04/2025,TECHNOS ON NM,3.78,Tecidos. Vestuário e Calçados,6.21,Acessórios,728385.0,393441000.0,31/12/2024,380925000.0,63356000.0,6.07,1.02,0.96,6.48,5.41,54.7,0.98,18.2,0.54,16.2,1.21,10.0,2.17,13.7,15.8,6.13,2.9,5.23,0.26,11.3,0.55,724487000.0,107763000.0,120279000.0,-12516000.0,495693000.0,410409000.0,400280000.0,137274000.0,72766000.0,34053000.0,64833000.0,26011000.0,3.9,,,,,,
GRND3,5.59,ON,17/04/2025,GRENDENE SA ON,4.88,Tecidos. Vestuário e Calçados,6.18,Calçados,10042800.0,5043070000.0,31/12/2024,3968120000.0,902160000.0,6.86,0.81,1.25,4.48,9.86,47.2,1.92,19.5,1.12,28.0,1.93,11.4,1.95,15.7,18.2,6.86,7.1,7.76,0.02,7.2,0.58,4500060000.0,88824000.0,1163780000.0,-1074950000.0,3042040000.0,4040950000.0,2628580000.0,859430000.0,511369000.0,217228000.0,735236000.0,330383000.0,7.3,,,,,,
VIVA3,19.92,ON NM,17/04/2025,VIVARA SA ON NM,16.65,Tecidos. Vestuário e Calçados,28.71,Acessórios,88799000.0,4705060000.0,31/12/2024,4820940000.0,236198000.0,7.2,2.77,1.88,10.57,7.76,70.2,1.83,23.5,1.1,25.4,2.63,14.2,4.68,16.7,26.2,6.34,2.79,7.96,0.16,24.6,0.6,4273730000.0,398561000.0,282683000.0,115878000.0,2781890000.0,2496940000.0,2577110000.0,913301000.0,605957000.0,309661000.0,653394000.0,299458000.0,1.9,,,,,,
VULC3,16.65,ON,17/04/2025,VULCABRAS S/A ON,13.51,Tecidos. Vestuário e Calçados,17.62,Calçados,11836400.0,4587670000.0,31/12/2024,4616870000.0,275536000.0,8.05,2.07,2.17,7.66,8.37,41.9,1.5,18.0,1.53,18.7,3.14,18.3,3.69,21.2,27.0,7.05,3.18,8.42,0.16,26.0,1.02,2993310000.0,336852000.0,307660000.0,29192000.0,2127760000.0,2109980000.0,3048580000.0,905719000.0,548196000.0,159691000.0,569873000.0,169199000.0,8.4,,,,,,
TFCO4,10.53,PN,17/04/2025,TRACK FIELD PN,8.4,Tecidos. Vestuário e Calçados,12.4,Vestuário,4391120.0,1613390000.0,31/12/2024,1741260000.0,153218000.0,13.7,0.77,3.41,3.09,10.05,56.6,1.94,19.3,1.96,14.2,4.53,19.4,7.46,22.3,24.9,9.84,2.68,10.85,0.32,31.3,1.01,825166000.0,151284000.0,23410000.0,127874000.0,568521000.0,472809000.0,831759000.0,273291000.0,160468000.0,54236000.0,117753000.0,40598000.0,2.3,,,,,,
ALPA3,7.5,ON N1,17/04/2025,ALPARGATAS ON N1,5.62,Tecidos. Vestuário e Calçados,10.54,Calçados,74883.0,5122960000.0,31/12/2024,5057980000.0,683062000.0,47.44,0.16,1.27,5.91,25.14,43.1,1.25,5.0,0.75,2.6,2.43,3.0,7.81,4.2,2.7,11.15,2.56,24.82,0.35,3.5,0.6,6839730000.0,1423520000.0,1488510000.0,-64986900.0,3459140000.0,4035590000.0,4108310000.0,1122410000.0,203795000.0,-4055910.0,107979000.0,2201000.0,1.3,,,,,,
TIMS3,17.84,ON NM,17/04/2025,TIM ON NM,13.0,Telecomunicações,17.84,Telecomunicações,120213000.0,43187200000.0,31/12/2024,43187200000.0,2420800000.0,,,,,-,-,-,-,-,-,-,,-,-,-,-,-,-,-,12.1,-,,,,,,,-6095530000.0,,-1228290000.0,,-519423000.0,,9.2,,,,,,
OIBR3,0.61,ON N1,17/04/2025,OI ON N1,0.48,Telecomunicações,7.43,Telecomunicações,5045080.0,201374000.0,31/12/2024,10402600000.0,330122000.0,0.02,29.11,-0.01,-49.43,-0.07,-45.7,0.06,-94.3,0.01,302.2,-6.91,-15.2,-0.01,-19.9,-58.9,-4.7,1.0,-3.47,-0.73,-19.9,0.16,19760600000.0,11954100000.0,1752820000.0,10201200000.0,8049700000.0,-16316400000.0,3180420000.0,-3253910000.0,-2998900000.0,-540762000.0,9610800000.0,-2906200000.0,,,,,,,
FIQE3,3.62,ON NM,17/04/2025,UNIFIQUE ON NM,3.24,Telecomunicações,3.98,Telecomunicações,1544110.0,1310620000.0,31/12/2024,1412200000.0,362050000.0,7.51,0.48,1.09,3.31,5.24,50.8,1.28,24.4,0.57,17.0,6.12,11.0,-3.14,14.1,14.6,2.88,1.47,5.65,0.46,37.9,0.45,2282620000.0,549337000.0,447756000.0,101581000.0,667899000.0,1197860000.0,1025380000.0,265731000.0,250163000.0,63919000.0,174566000.0,49550000.0,7.0,,,,,,
VIVT3,26.41,ON,17/04/2025,TELEF BRASIL ON,20.44,Telecomunicações,26.83,Telecomunicações,124530000.0,86130600000.0,31/12/2024,100186000000.0,3261290000.0,15.52,1.7,1.24,21.38,10.33,43.9,1.54,14.9,0.69,10.0,-59.66,6.7,-2.66,7.6,8.0,4.45,0.94,12.02,0.3,7.1,0.45,124941000000.0,20746500000.0,6691100000.0,14055400000.0,22814300000.0,69729600000.0,55845000000.0,14581400000.0,8334080000.0,1906270000.0,5547950000.0,1763040000.0,6.3,,,,,,
BRST3,2.62,ON NM,17/04/2025,BRISANET ON NM,2.41,Telecomunicações,3.26,Telecomunicações,648210.0,1147580000.0,31/12/2024,2510980000.0,438008000.0,18.88,0.14,0.76,3.46,6.24,42.1,0.8,12.9,0.29,4.3,12.15,4.6,-0.7,5.7,4.0,4.21,1.12,13.66,1.31,16.3,0.35,4026090000.0,1981440000.0,618046000.0,1363400000.0,877012000.0,1517180000.0,1427790000.0,382236000.0,183886000.0,55223000.0,60790000.0,4395000.0,1.6,,,,,,
RAIL3,18.88,ON NM,17/04/2025,RUMO SA ON NM,16.22,Transporte,23.85,Transporte Ferroviário,214111000.0,35019900000.0,31/12/2024,46681500000.0,1854870000.0,-36.51,-0.52,2.38,7.94,6.15,45.9,2.51,40.8,0.69,-6.8,8.33,11.3,-1.41,13.8,-6.5,4.19,1.63,8.2,1.3,19.4,0.28,50593000000.0,19123200000.0,7461620000.0,11661600000.0,10872600000.0,14731200000.0,13936400000.0,3463370000.0,5692170000.0,1215170000.0,-959247000.0,-264713000.0,0.5,,,,,,
GOLL4,1.45,PN,17/04/2025,GOL LINHAS AEREAS INTELIGENTES SA PN,0.98,Transporte,1.72,Transporte Aéreo,3363500.0,609600000.0,31/12/2024,20899200000.0,420414000.0,-0.1,-14.43,-0.02,-69.19,-1.25,30.0,0.03,-2.5,0.03,-31.7,-0.03,-2.0,-0.01,-2.6,20.9,14.89,0.27,-42.9,-0.78,36.7,0.8,23986300000.0,22624900000.0,2335260000.0,20289600000.0,7161900000.0,-29090500000.0,19129600000.0,5519010000.0,-487194000.0,-1308220000.0,-6067100000.0,-5116050000.0,,,,,,,
AZUL4,3.06,PN,17/04/2025,AZUL PN,3.0,Transporte,11.18,Transporte Aéreo,44811700.0,1408630000.0,31/12/2024,36611300000.0,460336000.0,0.15,19.96,-0.05,-66.12,0.38,26.7,0.07,19.0,0.05,47.1,-0.09,14.1,-0.03,17.8,-30.2,5.83,0.27,9.86,-1.2,35.9,0.74,26274900000.0,36484600000.0,1281910000.0,35202700000.0,5658020000.0,-30435300000.0,19526200000.0,5545450000.0,3714170000.0,1223220000.0,9190170000.0,13928900000.0,,,,,,,
ECOR3,6.19,ON NM,17/04/2025,ECORODOVIAS ON NM,4.03,Transporte,8.14,Exploração de Rodovias,27753800.0,4310310000.0,31/12/2024,20476600000.0,696334000.0,4.77,1.3,1.26,4.92,1.21,39.6,0.44,36.0,0.15,9.3,-1.85,12.1,-0.21,14.2,26.4,4.51,0.67,5.75,5.85,27.8,0.34,29296100000.0,20034900000.0,3868610000.0,16166300000.0,4726030000.0,3427360000.0,9872370000.0,2796670000.0,3558540000.0,906508000.0,904097000.0,142120000.0,3.1,,,,,,
TPIS3,4.16,ON NM,17/04/2025,TRIUNFO PARTICIPACOES SA ON NM,3.49,Transporte,6.74,Exploração de Rodovias,145904.0,183040000.0,31/12/2024,1558040000.0,44000000.0,5.14,0.81,0.2,20.98,0.67,34.3,0.14,20.7,0.07,1.4,-0.21,9.9,-0.11,10.4,3.9,3.4,0.21,5.68,1.55,6.2,0.48,2767000000.0,1428270000.0,53276000.0,1375000000.0,232680000.0,923024000.0,1322850000.0,324987000.0,274119000.0,48095000.0,35588000.0,-10284000.0,5.5,,,,,,
TGMA3,34.91,ON NM,17/04/2025,Tegma ON NM,21.25,Transporte,34.91,Transporte Rodoviário,8176590.0,2304160000.0,31/12/2024,2239900000.0,66003000.0,8.54,4.09,2.5,13.96,6.73,21.6,1.1,16.4,1.73,12.9,5.12,25.8,7.56,33.4,29.3,6.07,2.71,6.54,0.19,21.0,1.57,1329390000.0,177073000.0,241335000.0,-64262000.0,712728000.0,921409000.0,2090130000.0,624360000.0,342590000.0,114103000.0,269817000.0,85061000.0,7.4,,,,,,
PORT3,17.1,ON NM,17/04/2025,WILSON SONS ON NM,13.73,Transporte,17.56,Serviços de Apoio e Armazenagem,15128900.0,7540720000.0,31/12/2024,9862420000.0,440978000.0,15.56,1.1,2.65,6.46,8.76,47.3,2.58,29.4,1.12,16.7,36.08,12.8,-2.85,14.3,17.0,8.36,1.21,11.45,0.99,11.4,0.44,6705540000.0,2814090000.0,492387000.0,2321700000.0,1208730000.0,2847870000.0,2925890000.0,823656000.0,861217000.0,246056000.0,484676000.0,119998000.0,7.1,,,,,,
STBP3,13.43,ON NM,17/04/2025,SBPAR ON NM,9.52,Transporte,13.43,Serviços de Apoio e Armazenagem,62014800.0,11605800000.0,31/12/2024,13601600000.0,864170000.0,15.64,0.86,17.55,0.77,9.78,54.7,4.0,40.9,2.09,25.6,64.15,21.4,-3.12,25.6,112.2,9.39,1.18,11.46,4.12,29.8,0.52,5541640000.0,2725880000.0,730094000.0,1995790000.0,1161430000.0,661359000.0,2903020000.0,790692000.0,1186610000.0,328893000.0,741966000.0,206297000.0,20.2,,,,,,
CCRO3,12.52,ON NM,17/04/2025,COMPANHIA DE CONCESSÕES RODOVIÁRIAS ON NM,10.07,Transporte,13.52,Exploração de Rodovias,143215000.0,25290400000.0,31/12/2024,52460300000.0,2020000000.0,20.25,0.62,1.86,6.74,4.88,33.7,1.16,23.8,0.43,6.0,5.87,8.8,-0.73,10.1,9.2,7.6,1.7,10.12,2.49,22.3,0.37,59097100000.0,33878700000.0,6708870000.0,27169900000.0,10441100000.0,13608900000.0,21783800000.0,6212750000.0,5182220000.0,1137660000.0,1248700000.0,217852000.0,3.3,,,,,,
LOGN3,21.25,ON NM,17/04/2025,Log-In ON NM,19.6,Transporte,42.44,Transporte Hidroviário,856521.0,2280260000.0,31/12/2024,3672210000.0,107306000.0,42.54,0.5,2.35,9.03,8.92,15.9,0.82,9.1,0.6,1.9,21.72,6.7,-1.23,7.5,5.5,6.87,1.12,14.37,1.74,26.3,0.73,3812830000.0,1689150000.0,297203000.0,1391940000.0,990429000.0,968669000.0,2795760000.0,784905000.0,255584000.0,100681000.0,53600000.0,50935000.0,,,,,,,
UCAS3,1.62,ON NM,17/04/2025,UNICASA ON NM,1.39,Utilidades Domésticas,2.3,Móveis,98314.0,107059000.0,31/12/2024,171978000.0,66086000.0,8.6,0.19,0.56,2.91,51.03,38.1,0.47,0.9,0.29,5.5,3.33,0.6,-1.58,0.6,6.5,10.53,1.43,81.97,0.52,8.4,0.62,366975000.0,100107000.0,35188000.0,64919000.0,106980000.0,192382000.0,226559000.0,64490000.0,2098000.0,-727000.0,12449000.0,6225000.0,11.2,,,,,,
CVCB3,2.23,ON NM,17/04/2025,CVC BRASIL ON NM,1.38,Viagens e Lazer,2.84,Viagens e Turismo,42810400.0,1172070000.0,31/12/2024,1204400000.0,525591000.0,-11.34,-0.2,2.2,1.01,12.07,92.5,0.82,6.8,0.31,-7.3,-3.85,2.5,-1.08,3.5,-19.4,3.77,0.88,12.4,1.02,24.5,0.37,3840650000.0,542321000.0,509993000.0,32328000.0,2226990000.0,531632000.0,1420760000.0,375139000.0,97129000.0,16307000.0,-103341000.0,-61233000.0,,,,,,,
SMFT3,23.1,ON NM,17/04/2025,SMART FIT ON NM,16.58,Viagens e Lazer,24.74,Atividades Esportivas,65696600.0,13796500000.0,31/12/2024,16763700000.0,597250000.0,31.61,0.73,2.53,9.14,10.72,41.4,2.47,23.1,0.75,7.9,10.45,7.0,-1.57,8.6,8.0,6.21,1.47,13.03,1.08,47.6,0.3,18350300000.0,5914610000.0,2947380000.0,2967240000.0,4112290000.0,5455900000.0,5580300000.0,1540600000.0,1286610000.0,359695000.0,436440000.0,164401000.0,2.5,,,,,,
